[
  {
    "fields": {
      "model": "logentry",
      "app_label": "admin"
    },
    "model": "contenttypes.contenttype",
    "pk": 1
  },
  {
    "fields": {
      "model": "permission",
      "app_label": "auth"
    },
    "model": "contenttypes.contenttype",
    "pk": 2
  },
  {
    "fields": {
      "model": "group",
      "app_label": "auth"
    },
    "model": "contenttypes.contenttype",
    "pk": 3
  },
  {
    "fields": {
      "model": "user",
      "app_label": "auth"
    },
    "model": "contenttypes.contenttype",
    "pk": 4
  },
  {
    "fields": {
      "model": "contenttype",
      "app_label": "contenttypes"
    },
    "model": "contenttypes.contenttype",
    "pk": 5
  },
  {
    "fields": {
      "model": "session",
      "app_label": "sessions"
    },
    "model": "contenttypes.contenttype",
    "pk": 6
  },
  {
    "fields": {
      "model": "comment",
      "app_label": "boards"
    },
    "model": "contenttypes.contenttype",
    "pk": 7
  },
  {
    "fields": {
      "model": "label",
      "app_label": "boards"
    },
    "model": "contenttypes.contenttype",
    "pk": 8
  },
  {
    "fields": {
      "model": "desk",
      "app_label": "boards"
    },
    "model": "contenttypes.contenttype",
    "pk": 9
  },
  {
    "fields": {
      "model": "board",
      "app_label": "boards"
    },
    "model": "contenttypes.contenttype",
    "pk": 10
  },
  {
    "fields": {
      "model": "sprint",
      "app_label": "boards"
    },
    "model": "contenttypes.contenttype",
    "pk": 11
  },
  {
    "fields": {
      "model": "sticker",
      "app_label": "boards"
    },
    "model": "contenttypes.contenttype",
    "pk": 12
  },
  {
    "fields": {
      "model": "profile",
      "app_label": "profiles"
    },
    "model": "contenttypes.contenttype",
    "pk": 13
  },
  {
    "fields": {
      "model": "activitytype",
      "app_label": "profiles"
    },
    "model": "contenttypes.contenttype",
    "pk": 14
  },
  {
    "fields": {
      "model": "activities",
      "app_label": "profiles"
    },
    "model": "contenttypes.contenttype",
    "pk": 15
  },
  {
    "fields": {
      "expire_date": "2015-09-02T20:08:42.110Z",
      "session_data": "NDI3NWI5MmY1ZGM4NzhmNWZhZThjOWNjZjFjODQ4MWRmYTBmNWRlZTp7Il9hdXRoX3VzZXJfaGFzaCI6ImRjZTEwZTJkYTlhOGM3YTQwYjdkODFhN2FjMjhjYWY2YjJjMzk4N2MiLCJfYXV0aF91c2VyX2lkIjoiMiIsIl9hdXRoX3VzZXJfYmFja2VuZCI6ImRqYW5nby5jb250cmliLmF1dGguYmFja2VuZHMuTW9kZWxCYWNrZW5kIn0="
    },
    "model": "sessions.session",
    "pk": "01sxbtvkb3v4ihmc8cp11lbu75znsigf"
  },
  {
    "fields": {
      "expire_date": "2015-09-02T18:31:02.664Z",
      "session_data": "OTQyMjhlNTA5OGIyNDQ0NDMyODhkYTZhNmJmZGRhODFiNWJiMGI4NDp7fQ=="
    },
    "model": "sessions.session",
    "pk": "0cvz8aw7pr4m812sgp03caqxbi6atjb1"
  },
  {
    "fields": {
      "expire_date": "2015-09-12T11:27:52.483Z",
      "session_data": "OTQyMjhlNTA5OGIyNDQ0NDMyODhkYTZhNmJmZGRhODFiNWJiMGI4NDp7fQ=="
    },
    "model": "sessions.session",
    "pk": "0e1v82f7yr4siujhrvq37it5ombsiyij"
  },
  {
    "fields": {
      "expire_date": "2015-09-01T17:48:38.965Z",
      "session_data": "OTQyMjhlNTA5OGIyNDQ0NDMyODhkYTZhNmJmZGRhODFiNWJiMGI4NDp7fQ=="
    },
    "model": "sessions.session",
    "pk": "0isp4l4o3lto0xn3h9nyj4y0p6u0qouk"
  },
  {
    "fields": {
      "expire_date": "2015-08-26T18:40:08.963Z",
      "session_data": "M2VkYjcwZTQ3MDY0MDM0ZGE5NjNiYjA3ZDI1YTk3M2I0YzY4ZDQxYTp7Il9hdXRoX3VzZXJfaGFzaCI6IjhlYjY1N2UxOWRmNjVhMjI4MTc3ZjZkNzQ2YjU4YTBjOGU2NjNkZTUiLCJfYXV0aF91c2VyX2lkIjoiMiIsIl9hdXRoX3VzZXJfYmFja2VuZCI6ImRqYW5nby5jb250cmliLmF1dGguYmFja2VuZHMuTW9kZWxCYWNrZW5kIn0="
    },
    "model": "sessions.session",
    "pk": "171g3wfdhdx2aznyowrzistpd9zl4u2i"
  },
  {
    "fields": {
      "expire_date": "2015-09-09T20:16:29.717Z",
      "session_data": "NDI3NWI5MmY1ZGM4NzhmNWZhZThjOWNjZjFjODQ4MWRmYTBmNWRlZTp7Il9hdXRoX3VzZXJfaGFzaCI6ImRjZTEwZTJkYTlhOGM3YTQwYjdkODFhN2FjMjhjYWY2YjJjMzk4N2MiLCJfYXV0aF91c2VyX2lkIjoiMiIsIl9hdXRoX3VzZXJfYmFja2VuZCI6ImRqYW5nby5jb250cmliLmF1dGguYmFja2VuZHMuTW9kZWxCYWNrZW5kIn0="
    },
    "model": "sessions.session",
    "pk": "2nrmx88k2puu797cc97th9wdsf5ylwcc"
  },
  {
    "fields": {
      "expire_date": "2015-09-08T18:31:40.453Z",
      "session_data": "NDI3NWI5MmY1ZGM4NzhmNWZhZThjOWNjZjFjODQ4MWRmYTBmNWRlZTp7Il9hdXRoX3VzZXJfaGFzaCI6ImRjZTEwZTJkYTlhOGM3YTQwYjdkODFhN2FjMjhjYWY2YjJjMzk4N2MiLCJfYXV0aF91c2VyX2lkIjoiMiIsIl9hdXRoX3VzZXJfYmFja2VuZCI6ImRqYW5nby5jb250cmliLmF1dGguYmFja2VuZHMuTW9kZWxCYWNrZW5kIn0="
    },
    "model": "sessions.session",
    "pk": "3s51aov2e58yan5v6srn2z673wyt7uam"
  },
  {
    "fields": {
      "expire_date": "2015-09-11T22:44:19.171Z",
      "session_data": "NDI3NWI5MmY1ZGM4NzhmNWZhZThjOWNjZjFjODQ4MWRmYTBmNWRlZTp7Il9hdXRoX3VzZXJfaGFzaCI6ImRjZTEwZTJkYTlhOGM3YTQwYjdkODFhN2FjMjhjYWY2YjJjMzk4N2MiLCJfYXV0aF91c2VyX2lkIjoiMiIsIl9hdXRoX3VzZXJfYmFja2VuZCI6ImRqYW5nby5jb250cmliLmF1dGguYmFja2VuZHMuTW9kZWxCYWNrZW5kIn0="
    },
    "model": "sessions.session",
    "pk": "4rzef3f1z22szemjgispbrc7fqw614qg"
  },
  {
    "fields": {
      "expire_date": "2015-08-25T21:11:14.775Z",
      "session_data": "OTA4YWIyYTJhMDMzYmJjZjMwZDQ2NzExMTM4MTc0ZGJlMGQ4OTI4Nzp7Il9hdXRoX3VzZXJfaGFzaCI6IjhlYjY1N2UxOWRmNjVhMjI4MTc3ZjZkNzQ2YjU4YTBjOGU2NjNkZTUiLCJfYXV0aF91c2VyX2JhY2tlbmQiOiJkamFuZ28uY29udHJpYi5hdXRoLmJhY2tlbmRzLk1vZGVsQmFja2VuZCIsIl9hdXRoX3VzZXJfaWQiOiIyIn0="
    },
    "model": "sessions.session",
    "pk": "5znoomdk4kjjut7e39ytjhod3fnpa3t5"
  },
  {
    "fields": {
      "expire_date": "2015-08-31T20:43:58.673Z",
      "session_data": "OTQyMjhlNTA5OGIyNDQ0NDMyODhkYTZhNmJmZGRhODFiNWJiMGI4NDp7fQ=="
    },
    "model": "sessions.session",
    "pk": "61p4lubqs5mgxw17ei7lo2exwdp1bcbz"
  },
  {
    "fields": {
      "expire_date": "2015-08-31T18:49:20.519Z",
      "session_data": "OTQyMjhlNTA5OGIyNDQ0NDMyODhkYTZhNmJmZGRhODFiNWJiMGI4NDp7fQ=="
    },
    "model": "sessions.session",
    "pk": "6flrjh1hwdkq5668p78ian2jvrff7uvb"
  },
  {
    "fields": {
      "expire_date": "2015-09-10T20:28:54.890Z",
      "session_data": "NDI3NWI5MmY1ZGM4NzhmNWZhZThjOWNjZjFjODQ4MWRmYTBmNWRlZTp7Il9hdXRoX3VzZXJfaGFzaCI6ImRjZTEwZTJkYTlhOGM3YTQwYjdkODFhN2FjMjhjYWY2YjJjMzk4N2MiLCJfYXV0aF91c2VyX2lkIjoiMiIsIl9hdXRoX3VzZXJfYmFja2VuZCI6ImRqYW5nby5jb250cmliLmF1dGguYmFja2VuZHMuTW9kZWxCYWNrZW5kIn0="
    },
    "model": "sessions.session",
    "pk": "7jmwv71xn2wzzrgtonxtwop4719th04k"
  },
  {
    "fields": {
      "expire_date": "2015-09-03T21:40:40.155Z",
      "session_data": "NDI3NWI5MmY1ZGM4NzhmNWZhZThjOWNjZjFjODQ4MWRmYTBmNWRlZTp7Il9hdXRoX3VzZXJfaGFzaCI6ImRjZTEwZTJkYTlhOGM3YTQwYjdkODFhN2FjMjhjYWY2YjJjMzk4N2MiLCJfYXV0aF91c2VyX2lkIjoiMiIsIl9hdXRoX3VzZXJfYmFja2VuZCI6ImRqYW5nby5jb250cmliLmF1dGguYmFja2VuZHMuTW9kZWxCYWNrZW5kIn0="
    },
    "model": "sessions.session",
    "pk": "80eu17x36acd1rhdx5z9pgapqni597yu"
  },
  {
    "fields": {
      "expire_date": "2015-09-11T23:11:34.270Z",
      "session_data": "ZWI1MDI0Zjc3ZDI3MjRlMTY5YmNlM2VhMzE3MDBmNzA1MTJlZmZlNTp7Il9hdXRoX3VzZXJfaGFzaCI6ImRjZTEwZTJkYTlhOGM3YTQwYjdkODFhN2FjMjhjYWY2YjJjMzk4N2MiLCJfYXV0aF91c2VyX2JhY2tlbmQiOiJkamFuZ28uY29udHJpYi5hdXRoLmJhY2tlbmRzLk1vZGVsQmFja2VuZCIsIl9hdXRoX3VzZXJfaWQiOiIyIn0="
    },
    "model": "sessions.session",
    "pk": "83r20wkqrowseoio3lihkxcjd20vv4be"
  },
  {
    "fields": {
      "expire_date": "2015-09-08T20:42:26.299Z",
      "session_data": "NDI3NWI5MmY1ZGM4NzhmNWZhZThjOWNjZjFjODQ4MWRmYTBmNWRlZTp7Il9hdXRoX3VzZXJfaGFzaCI6ImRjZTEwZTJkYTlhOGM3YTQwYjdkODFhN2FjMjhjYWY2YjJjMzk4N2MiLCJfYXV0aF91c2VyX2lkIjoiMiIsIl9hdXRoX3VzZXJfYmFja2VuZCI6ImRqYW5nby5jb250cmliLmF1dGguYmFja2VuZHMuTW9kZWxCYWNrZW5kIn0="
    },
    "model": "sessions.session",
    "pk": "8v97d7jc9qhs598homu18mh2s29qgxby"
  },
  {
    "fields": {
      "expire_date": "2015-08-25T21:56:33.789Z",
      "session_data": "M2VkYjcwZTQ3MDY0MDM0ZGE5NjNiYjA3ZDI1YTk3M2I0YzY4ZDQxYTp7Il9hdXRoX3VzZXJfaGFzaCI6IjhlYjY1N2UxOWRmNjVhMjI4MTc3ZjZkNzQ2YjU4YTBjOGU2NjNkZTUiLCJfYXV0aF91c2VyX2lkIjoiMiIsIl9hdXRoX3VzZXJfYmFja2VuZCI6ImRqYW5nby5jb250cmliLmF1dGguYmFja2VuZHMuTW9kZWxCYWNrZW5kIn0="
    },
    "model": "sessions.session",
    "pk": "99dmpcrrf6k82zi2vg91o27dqg5mgu5g"
  },
  {
    "fields": {
      "expire_date": "2015-08-26T18:56:43.266Z",
      "session_data": "OTA4YWIyYTJhMDMzYmJjZjMwZDQ2NzExMTM4MTc0ZGJlMGQ4OTI4Nzp7Il9hdXRoX3VzZXJfaGFzaCI6IjhlYjY1N2UxOWRmNjVhMjI4MTc3ZjZkNzQ2YjU4YTBjOGU2NjNkZTUiLCJfYXV0aF91c2VyX2JhY2tlbmQiOiJkamFuZ28uY29udHJpYi5hdXRoLmJhY2tlbmRzLk1vZGVsQmFja2VuZCIsIl9hdXRoX3VzZXJfaWQiOiIyIn0="
    },
    "model": "sessions.session",
    "pk": "ajauhomouwzwxwilvs8lazzhgnpxaorx"
  },
  {
    "fields": {
      "expire_date": "2015-08-26T20:38:36.064Z",
      "session_data": "OTA4YWIyYTJhMDMzYmJjZjMwZDQ2NzExMTM4MTc0ZGJlMGQ4OTI4Nzp7Il9hdXRoX3VzZXJfaGFzaCI6IjhlYjY1N2UxOWRmNjVhMjI4MTc3ZjZkNzQ2YjU4YTBjOGU2NjNkZTUiLCJfYXV0aF91c2VyX2JhY2tlbmQiOiJkamFuZ28uY29udHJpYi5hdXRoLmJhY2tlbmRzLk1vZGVsQmFja2VuZCIsIl9hdXRoX3VzZXJfaWQiOiIyIn0="
    },
    "model": "sessions.session",
    "pk": "amek7wmyoh9584ufooz4d0s3zh4tza8r"
  },
  {
    "fields": {
      "expire_date": "2015-08-31T17:51:05.809Z",
      "session_data": "M2VkYjcwZTQ3MDY0MDM0ZGE5NjNiYjA3ZDI1YTk3M2I0YzY4ZDQxYTp7Il9hdXRoX3VzZXJfaGFzaCI6IjhlYjY1N2UxOWRmNjVhMjI4MTc3ZjZkNzQ2YjU4YTBjOGU2NjNkZTUiLCJfYXV0aF91c2VyX2lkIjoiMiIsIl9hdXRoX3VzZXJfYmFja2VuZCI6ImRqYW5nby5jb250cmliLmF1dGguYmFja2VuZHMuTW9kZWxCYWNrZW5kIn0="
    },
    "model": "sessions.session",
    "pk": "b4rq2n81e8d90mise6gt9qoumsy730hj"
  },
  {
    "fields": {
      "expire_date": "2015-09-11T22:31:34.284Z",
      "session_data": "ZWI1MDI0Zjc3ZDI3MjRlMTY5YmNlM2VhMzE3MDBmNzA1MTJlZmZlNTp7Il9hdXRoX3VzZXJfaGFzaCI6ImRjZTEwZTJkYTlhOGM3YTQwYjdkODFhN2FjMjhjYWY2YjJjMzk4N2MiLCJfYXV0aF91c2VyX2JhY2tlbmQiOiJkamFuZ28uY29udHJpYi5hdXRoLmJhY2tlbmRzLk1vZGVsQmFja2VuZCIsIl9hdXRoX3VzZXJfaWQiOiIyIn0="
    },
    "model": "sessions.session",
    "pk": "b8k5a1ata8dfa1pgoescw5ll9rugord2"
  },
  {
    "fields": {
      "expire_date": "2015-08-25T21:43:28.392Z",
      "session_data": "OTA4YWIyYTJhMDMzYmJjZjMwZDQ2NzExMTM4MTc0ZGJlMGQ4OTI4Nzp7Il9hdXRoX3VzZXJfaGFzaCI6IjhlYjY1N2UxOWRmNjVhMjI4MTc3ZjZkNzQ2YjU4YTBjOGU2NjNkZTUiLCJfYXV0aF91c2VyX2JhY2tlbmQiOiJkamFuZ28uY29udHJpYi5hdXRoLmJhY2tlbmRzLk1vZGVsQmFja2VuZCIsIl9hdXRoX3VzZXJfaWQiOiIyIn0="
    },
    "model": "sessions.session",
    "pk": "bhccoubp8dabkeg9uqm0idgi7v3pnw88"
  },
  {
    "fields": {
      "expire_date": "2015-09-10T21:33:12.388Z",
      "session_data": "ZWI1MDI0Zjc3ZDI3MjRlMTY5YmNlM2VhMzE3MDBmNzA1MTJlZmZlNTp7Il9hdXRoX3VzZXJfaGFzaCI6ImRjZTEwZTJkYTlhOGM3YTQwYjdkODFhN2FjMjhjYWY2YjJjMzk4N2MiLCJfYXV0aF91c2VyX2JhY2tlbmQiOiJkamFuZ28uY29udHJpYi5hdXRoLmJhY2tlbmRzLk1vZGVsQmFja2VuZCIsIl9hdXRoX3VzZXJfaWQiOiIyIn0="
    },
    "model": "sessions.session",
    "pk": "bp2ox0h5f1v5ju1s30p1q07be1t3s63n"
  },
  {
    "fields": {
      "expire_date": "2015-08-25T22:04:48.826Z",
      "session_data": "M2VkYjcwZTQ3MDY0MDM0ZGE5NjNiYjA3ZDI1YTk3M2I0YzY4ZDQxYTp7Il9hdXRoX3VzZXJfaGFzaCI6IjhlYjY1N2UxOWRmNjVhMjI4MTc3ZjZkNzQ2YjU4YTBjOGU2NjNkZTUiLCJfYXV0aF91c2VyX2lkIjoiMiIsIl9hdXRoX3VzZXJfYmFja2VuZCI6ImRqYW5nby5jb250cmliLmF1dGguYmFja2VuZHMuTW9kZWxCYWNrZW5kIn0="
    },
    "model": "sessions.session",
    "pk": "bz03djh4ykgmpk9slamix0cqpki23kuh"
  },
  {
    "fields": {
      "expire_date": "2015-08-26T18:19:59.412Z",
      "session_data": "M2VkYjcwZTQ3MDY0MDM0ZGE5NjNiYjA3ZDI1YTk3M2I0YzY4ZDQxYTp7Il9hdXRoX3VzZXJfaGFzaCI6IjhlYjY1N2UxOWRmNjVhMjI4MTc3ZjZkNzQ2YjU4YTBjOGU2NjNkZTUiLCJfYXV0aF91c2VyX2lkIjoiMiIsIl9hdXRoX3VzZXJfYmFja2VuZCI6ImRqYW5nby5jb250cmliLmF1dGguYmFja2VuZHMuTW9kZWxCYWNrZW5kIn0="
    },
    "model": "sessions.session",
    "pk": "c0lk3xsaqz24rhzaa5jqrj4a33q4y4ex"
  },
  {
    "fields": {
      "expire_date": "2015-09-05T15:10:23.628Z",
      "session_data": "ZWI1MDI0Zjc3ZDI3MjRlMTY5YmNlM2VhMzE3MDBmNzA1MTJlZmZlNTp7Il9hdXRoX3VzZXJfaGFzaCI6ImRjZTEwZTJkYTlhOGM3YTQwYjdkODFhN2FjMjhjYWY2YjJjMzk4N2MiLCJfYXV0aF91c2VyX2JhY2tlbmQiOiJkamFuZ28uY29udHJpYi5hdXRoLmJhY2tlbmRzLk1vZGVsQmFja2VuZCIsIl9hdXRoX3VzZXJfaWQiOiIyIn0="
    },
    "model": "sessions.session",
    "pk": "cb4nsnacptkcd5r4drpiej5fnfuo5swk"
  },
  {
    "fields": {
      "expire_date": "2015-09-18T21:53:44.259Z",
      "session_data": "ZWI1MDI0Zjc3ZDI3MjRlMTY5YmNlM2VhMzE3MDBmNzA1MTJlZmZlNTp7Il9hdXRoX3VzZXJfaGFzaCI6ImRjZTEwZTJkYTlhOGM3YTQwYjdkODFhN2FjMjhjYWY2YjJjMzk4N2MiLCJfYXV0aF91c2VyX2JhY2tlbmQiOiJkamFuZ28uY29udHJpYi5hdXRoLmJhY2tlbmRzLk1vZGVsQmFja2VuZCIsIl9hdXRoX3VzZXJfaWQiOiIyIn0="
    },
    "model": "sessions.session",
    "pk": "cdkf1ho2mcaphu9kyu5sy2llg7rcz9iw"
  },
  {
    "fields": {
      "expire_date": "2015-08-31T18:27:16.874Z",
      "session_data": "OTQyMjhlNTA5OGIyNDQ0NDMyODhkYTZhNmJmZGRhODFiNWJiMGI4NDp7fQ=="
    },
    "model": "sessions.session",
    "pk": "cx1y5b7z1868hcfkxer8adep9nc4lo4k"
  },
  {
    "fields": {
      "expire_date": "2015-09-26T07:48:57.030Z",
      "session_data": "ZWI1MDI0Zjc3ZDI3MjRlMTY5YmNlM2VhMzE3MDBmNzA1MTJlZmZlNTp7Il9hdXRoX3VzZXJfaGFzaCI6ImRjZTEwZTJkYTlhOGM3YTQwYjdkODFhN2FjMjhjYWY2YjJjMzk4N2MiLCJfYXV0aF91c2VyX2JhY2tlbmQiOiJkamFuZ28uY29udHJpYi5hdXRoLmJhY2tlbmRzLk1vZGVsQmFja2VuZCIsIl9hdXRoX3VzZXJfaWQiOiIyIn0="
    },
    "model": "sessions.session",
    "pk": "cxy4lx4u42kv5264xl61h5bda0nq546b"
  },
  {
    "fields": {
      "expire_date": "2015-09-01T19:43:55.868Z",
      "session_data": "OTQyMjhlNTA5OGIyNDQ0NDMyODhkYTZhNmJmZGRhODFiNWJiMGI4NDp7fQ=="
    },
    "model": "sessions.session",
    "pk": "dj2s8ppok9hny9796oqvdfpfzpncdy0n"
  },
  {
    "fields": {
      "expire_date": "2015-08-26T21:27:14.946Z",
      "session_data": "M2VkYjcwZTQ3MDY0MDM0ZGE5NjNiYjA3ZDI1YTk3M2I0YzY4ZDQxYTp7Il9hdXRoX3VzZXJfaGFzaCI6IjhlYjY1N2UxOWRmNjVhMjI4MTc3ZjZkNzQ2YjU4YTBjOGU2NjNkZTUiLCJfYXV0aF91c2VyX2lkIjoiMiIsIl9hdXRoX3VzZXJfYmFja2VuZCI6ImRqYW5nby5jb250cmliLmF1dGguYmFja2VuZHMuTW9kZWxCYWNrZW5kIn0="
    },
    "model": "sessions.session",
    "pk": "e4zquj3pqu8hdfup5g91q5ae6t2a2fmo"
  },
  {
    "fields": {
      "expire_date": "2015-09-02T20:19:55.343Z",
      "session_data": "OTQyMjhlNTA5OGIyNDQ0NDMyODhkYTZhNmJmZGRhODFiNWJiMGI4NDp7fQ=="
    },
    "model": "sessions.session",
    "pk": "erxdm2fpqjwdb1dppwpld1aldywwnegd"
  },
  {
    "fields": {
      "expire_date": "2015-09-04T20:50:25.412Z",
      "session_data": "ZWI1MDI0Zjc3ZDI3MjRlMTY5YmNlM2VhMzE3MDBmNzA1MTJlZmZlNTp7Il9hdXRoX3VzZXJfaGFzaCI6ImRjZTEwZTJkYTlhOGM3YTQwYjdkODFhN2FjMjhjYWY2YjJjMzk4N2MiLCJfYXV0aF91c2VyX2JhY2tlbmQiOiJkamFuZ28uY29udHJpYi5hdXRoLmJhY2tlbmRzLk1vZGVsQmFja2VuZCIsIl9hdXRoX3VzZXJfaWQiOiIyIn0="
    },
    "model": "sessions.session",
    "pk": "eytlfm92fzrqi4djpwzlhx6wrzzullmd"
  },
  {
    "fields": {
      "expire_date": "2015-09-07T19:34:14.510Z",
      "session_data": "NDI3NWI5MmY1ZGM4NzhmNWZhZThjOWNjZjFjODQ4MWRmYTBmNWRlZTp7Il9hdXRoX3VzZXJfaGFzaCI6ImRjZTEwZTJkYTlhOGM3YTQwYjdkODFhN2FjMjhjYWY2YjJjMzk4N2MiLCJfYXV0aF91c2VyX2lkIjoiMiIsIl9hdXRoX3VzZXJfYmFja2VuZCI6ImRqYW5nby5jb250cmliLmF1dGguYmFja2VuZHMuTW9kZWxCYWNrZW5kIn0="
    },
    "model": "sessions.session",
    "pk": "fhh4c4i0iria139atbnpz0yjflm7pmrs"
  },
  {
    "fields": {
      "expire_date": "2015-08-31T17:06:05.738Z",
      "session_data": "M2VkYjcwZTQ3MDY0MDM0ZGE5NjNiYjA3ZDI1YTk3M2I0YzY4ZDQxYTp7Il9hdXRoX3VzZXJfaGFzaCI6IjhlYjY1N2UxOWRmNjVhMjI4MTc3ZjZkNzQ2YjU4YTBjOGU2NjNkZTUiLCJfYXV0aF91c2VyX2lkIjoiMiIsIl9hdXRoX3VzZXJfYmFja2VuZCI6ImRqYW5nby5jb250cmliLmF1dGguYmFja2VuZHMuTW9kZWxCYWNrZW5kIn0="
    },
    "model": "sessions.session",
    "pk": "g6o2f1agh7gg44shpsssw6rjddkxscoe"
  },
  {
    "fields": {
      "expire_date": "2015-08-25T19:44:25.702Z",
      "session_data": "OTA4YWIyYTJhMDMzYmJjZjMwZDQ2NzExMTM4MTc0ZGJlMGQ4OTI4Nzp7Il9hdXRoX3VzZXJfaGFzaCI6IjhlYjY1N2UxOWRmNjVhMjI4MTc3ZjZkNzQ2YjU4YTBjOGU2NjNkZTUiLCJfYXV0aF91c2VyX2JhY2tlbmQiOiJkamFuZ28uY29udHJpYi5hdXRoLmJhY2tlbmRzLk1vZGVsQmFja2VuZCIsIl9hdXRoX3VzZXJfaWQiOiIyIn0="
    },
    "model": "sessions.session",
    "pk": "gvuwf35zxyzlsr89d3pw9n42uffzb8im"
  },
  {
    "fields": {
      "expire_date": "2015-09-07T20:17:17.370Z",
      "session_data": "NDI3NWI5MmY1ZGM4NzhmNWZhZThjOWNjZjFjODQ4MWRmYTBmNWRlZTp7Il9hdXRoX3VzZXJfaGFzaCI6ImRjZTEwZTJkYTlhOGM3YTQwYjdkODFhN2FjMjhjYWY2YjJjMzk4N2MiLCJfYXV0aF91c2VyX2lkIjoiMiIsIl9hdXRoX3VzZXJfYmFja2VuZCI6ImRqYW5nby5jb250cmliLmF1dGguYmFja2VuZHMuTW9kZWxCYWNrZW5kIn0="
    },
    "model": "sessions.session",
    "pk": "hbf1a7t7o2crvtedu75ze6neln8u8z4f"
  },
  {
    "fields": {
      "expire_date": "2015-09-05T14:16:51.376Z",
      "session_data": "NDI3NWI5MmY1ZGM4NzhmNWZhZThjOWNjZjFjODQ4MWRmYTBmNWRlZTp7Il9hdXRoX3VzZXJfaGFzaCI6ImRjZTEwZTJkYTlhOGM3YTQwYjdkODFhN2FjMjhjYWY2YjJjMzk4N2MiLCJfYXV0aF91c2VyX2lkIjoiMiIsIl9hdXRoX3VzZXJfYmFja2VuZCI6ImRqYW5nby5jb250cmliLmF1dGguYmFja2VuZHMuTW9kZWxCYWNrZW5kIn0="
    },
    "model": "sessions.session",
    "pk": "hcgabj3gsu96655oe4bbow8lol0zn0og"
  },
  {
    "fields": {
      "expire_date": "2015-08-25T21:29:18.678Z",
      "session_data": "OTA4YWIyYTJhMDMzYmJjZjMwZDQ2NzExMTM4MTc0ZGJlMGQ4OTI4Nzp7Il9hdXRoX3VzZXJfaGFzaCI6IjhlYjY1N2UxOWRmNjVhMjI4MTc3ZjZkNzQ2YjU4YTBjOGU2NjNkZTUiLCJfYXV0aF91c2VyX2JhY2tlbmQiOiJkamFuZ28uY29udHJpYi5hdXRoLmJhY2tlbmRzLk1vZGVsQmFja2VuZCIsIl9hdXRoX3VzZXJfaWQiOiIyIn0="
    },
    "model": "sessions.session",
    "pk": "hdvk9hjv88jo7f1h28sk16z3schq0skx"
  },
  {
    "fields": {
      "expire_date": "2015-09-09T19:50:56.809Z",
      "session_data": "NDI3NWI5MmY1ZGM4NzhmNWZhZThjOWNjZjFjODQ4MWRmYTBmNWRlZTp7Il9hdXRoX3VzZXJfaGFzaCI6ImRjZTEwZTJkYTlhOGM3YTQwYjdkODFhN2FjMjhjYWY2YjJjMzk4N2MiLCJfYXV0aF91c2VyX2lkIjoiMiIsIl9hdXRoX3VzZXJfYmFja2VuZCI6ImRqYW5nby5jb250cmliLmF1dGguYmFja2VuZHMuTW9kZWxCYWNrZW5kIn0="
    },
    "model": "sessions.session",
    "pk": "hu81wvzrgcx8u5cm1wu6qpfy9gp3kein"
  },
  {
    "fields": {
      "expire_date": "2015-08-25T21:05:13.319Z",
      "session_data": "OTA4YWIyYTJhMDMzYmJjZjMwZDQ2NzExMTM4MTc0ZGJlMGQ4OTI4Nzp7Il9hdXRoX3VzZXJfaGFzaCI6IjhlYjY1N2UxOWRmNjVhMjI4MTc3ZjZkNzQ2YjU4YTBjOGU2NjNkZTUiLCJfYXV0aF91c2VyX2JhY2tlbmQiOiJkamFuZ28uY29udHJpYi5hdXRoLmJhY2tlbmRzLk1vZGVsQmFja2VuZCIsIl9hdXRoX3VzZXJfaWQiOiIyIn0="
    },
    "model": "sessions.session",
    "pk": "id66nl9wuv1wrtvapi2ji1sgts40bgon"
  },
  {
    "fields": {
      "expire_date": "2015-09-12T14:53:25.991Z",
      "session_data": "OTIwM2YyYWE0M2Y2ZDJiMzZhNTI2YjBhMjRhOTBlMGUwYmYwYTBiYjp7Il9hdXRoX3VzZXJfaGFzaCI6IjQ3NDU2Nzk2M2JjODJlOGM3M2Q5ODU1YzFiYTJmNTNlMjUwMzBmN2IiLCJfYXV0aF91c2VyX2lkIjoiMyIsIl9hdXRoX3VzZXJfYmFja2VuZCI6ImRqYW5nby5jb250cmliLmF1dGguYmFja2VuZHMuTW9kZWxCYWNrZW5kIn0="
    },
    "model": "sessions.session",
    "pk": "iqzo6w1l50l4p199oxcfm8zq4jq0xuid"
  },
  {
    "fields": {
      "expire_date": "2015-09-12T10:56:10.924Z",
      "session_data": "ZWI1MDI0Zjc3ZDI3MjRlMTY5YmNlM2VhMzE3MDBmNzA1MTJlZmZlNTp7Il9hdXRoX3VzZXJfaGFzaCI6ImRjZTEwZTJkYTlhOGM3YTQwYjdkODFhN2FjMjhjYWY2YjJjMzk4N2MiLCJfYXV0aF91c2VyX2JhY2tlbmQiOiJkamFuZ28uY29udHJpYi5hdXRoLmJhY2tlbmRzLk1vZGVsQmFja2VuZCIsIl9hdXRoX3VzZXJfaWQiOiIyIn0="
    },
    "model": "sessions.session",
    "pk": "ir2khzdbiag7w1yjro9ljoz91vyuo4al"
  },
  {
    "fields": {
      "expire_date": "2015-09-07T19:22:23.170Z",
      "session_data": "ZWI1MDI0Zjc3ZDI3MjRlMTY5YmNlM2VhMzE3MDBmNzA1MTJlZmZlNTp7Il9hdXRoX3VzZXJfaGFzaCI6ImRjZTEwZTJkYTlhOGM3YTQwYjdkODFhN2FjMjhjYWY2YjJjMzk4N2MiLCJfYXV0aF91c2VyX2JhY2tlbmQiOiJkamFuZ28uY29udHJpYi5hdXRoLmJhY2tlbmRzLk1vZGVsQmFja2VuZCIsIl9hdXRoX3VzZXJfaWQiOiIyIn0="
    },
    "model": "sessions.session",
    "pk": "jco7lb6lz7nmgsjc9bemlbjm2t5rujif"
  },
  {
    "fields": {
      "expire_date": "2015-09-05T21:13:16.937Z",
      "session_data": "ZWI1MDI0Zjc3ZDI3MjRlMTY5YmNlM2VhMzE3MDBmNzA1MTJlZmZlNTp7Il9hdXRoX3VzZXJfaGFzaCI6ImRjZTEwZTJkYTlhOGM3YTQwYjdkODFhN2FjMjhjYWY2YjJjMzk4N2MiLCJfYXV0aF91c2VyX2JhY2tlbmQiOiJkamFuZ28uY29udHJpYi5hdXRoLmJhY2tlbmRzLk1vZGVsQmFja2VuZCIsIl9hdXRoX3VzZXJfaWQiOiIyIn0="
    },
    "model": "sessions.session",
    "pk": "jskv80q19qzr8lmtgk6fis11orxuavah"
  },
  {
    "fields": {
      "expire_date": "2015-08-25T22:21:18.415Z",
      "session_data": "OTA4YWIyYTJhMDMzYmJjZjMwZDQ2NzExMTM4MTc0ZGJlMGQ4OTI4Nzp7Il9hdXRoX3VzZXJfaGFzaCI6IjhlYjY1N2UxOWRmNjVhMjI4MTc3ZjZkNzQ2YjU4YTBjOGU2NjNkZTUiLCJfYXV0aF91c2VyX2JhY2tlbmQiOiJkamFuZ28uY29udHJpYi5hdXRoLmJhY2tlbmRzLk1vZGVsQmFja2VuZCIsIl9hdXRoX3VzZXJfaWQiOiIyIn0="
    },
    "model": "sessions.session",
    "pk": "k1213p6vm412ghge310suivs9gf4t3s6"
  },
  {
    "fields": {
      "expire_date": "2015-09-12T10:57:02.578Z",
      "session_data": "OTQyMjhlNTA5OGIyNDQ0NDMyODhkYTZhNmJmZGRhODFiNWJiMGI4NDp7fQ=="
    },
    "model": "sessions.session",
    "pk": "kfishhpxdhwt7urehhc6uyezky7n73on"
  },
  {
    "fields": {
      "expire_date": "2015-09-02T18:52:15.743Z",
      "session_data": "OTQyMjhlNTA5OGIyNDQ0NDMyODhkYTZhNmJmZGRhODFiNWJiMGI4NDp7fQ=="
    },
    "model": "sessions.session",
    "pk": "l14s41n4h63mrfjb9ygiqm8dxmegpu92"
  },
  {
    "fields": {
      "expire_date": "2015-09-11T19:00:57.456Z",
      "session_data": "NDI3NWI5MmY1ZGM4NzhmNWZhZThjOWNjZjFjODQ4MWRmYTBmNWRlZTp7Il9hdXRoX3VzZXJfaGFzaCI6ImRjZTEwZTJkYTlhOGM3YTQwYjdkODFhN2FjMjhjYWY2YjJjMzk4N2MiLCJfYXV0aF91c2VyX2lkIjoiMiIsIl9hdXRoX3VzZXJfYmFja2VuZCI6ImRqYW5nby5jb250cmliLmF1dGguYmFja2VuZHMuTW9kZWxCYWNrZW5kIn0="
    },
    "model": "sessions.session",
    "pk": "l6h5uro7x8bpp9ygbtwijkz0mmndo2nf"
  },
  {
    "fields": {
      "expire_date": "2015-08-25T19:22:45.108Z",
      "session_data": "M2VkYjcwZTQ3MDY0MDM0ZGE5NjNiYjA3ZDI1YTk3M2I0YzY4ZDQxYTp7Il9hdXRoX3VzZXJfaGFzaCI6IjhlYjY1N2UxOWRmNjVhMjI4MTc3ZjZkNzQ2YjU4YTBjOGU2NjNkZTUiLCJfYXV0aF91c2VyX2lkIjoiMiIsIl9hdXRoX3VzZXJfYmFja2VuZCI6ImRqYW5nby5jb250cmliLmF1dGguYmFja2VuZHMuTW9kZWxCYWNrZW5kIn0="
    },
    "model": "sessions.session",
    "pk": "m8snb6qr52cpfp1rwp6jerfckxe2c1wn"
  },
  {
    "fields": {
      "expire_date": "2015-08-31T18:18:31.802Z",
      "session_data": "OTQyMjhlNTA5OGIyNDQ0NDMyODhkYTZhNmJmZGRhODFiNWJiMGI4NDp7fQ=="
    },
    "model": "sessions.session",
    "pk": "n16mfs8ahk7vgi1a94vwbqw8298saxd3"
  },
  {
    "fields": {
      "expire_date": "2015-09-06T15:58:32.250Z",
      "session_data": "ZWI1MDI0Zjc3ZDI3MjRlMTY5YmNlM2VhMzE3MDBmNzA1MTJlZmZlNTp7Il9hdXRoX3VzZXJfaGFzaCI6ImRjZTEwZTJkYTlhOGM3YTQwYjdkODFhN2FjMjhjYWY2YjJjMzk4N2MiLCJfYXV0aF91c2VyX2JhY2tlbmQiOiJkamFuZ28uY29udHJpYi5hdXRoLmJhY2tlbmRzLk1vZGVsQmFja2VuZCIsIl9hdXRoX3VzZXJfaWQiOiIyIn0="
    },
    "model": "sessions.session",
    "pk": "nrt7b51o31aa91sn4226m0qnt7e8xlth"
  },
  {
    "fields": {
      "expire_date": "2015-09-26T07:22:24.784Z",
      "session_data": "NDI3NWI5MmY1ZGM4NzhmNWZhZThjOWNjZjFjODQ4MWRmYTBmNWRlZTp7Il9hdXRoX3VzZXJfaGFzaCI6ImRjZTEwZTJkYTlhOGM3YTQwYjdkODFhN2FjMjhjYWY2YjJjMzk4N2MiLCJfYXV0aF91c2VyX2lkIjoiMiIsIl9hdXRoX3VzZXJfYmFja2VuZCI6ImRqYW5nby5jb250cmliLmF1dGguYmFja2VuZHMuTW9kZWxCYWNrZW5kIn0="
    },
    "model": "sessions.session",
    "pk": "op72v8zffmjvxfncm3u2jukxb20lhr6q"
  },
  {
    "fields": {
      "expire_date": "2015-09-03T19:22:12.223Z",
      "session_data": "ZWI1MDI0Zjc3ZDI3MjRlMTY5YmNlM2VhMzE3MDBmNzA1MTJlZmZlNTp7Il9hdXRoX3VzZXJfaGFzaCI6ImRjZTEwZTJkYTlhOGM3YTQwYjdkODFhN2FjMjhjYWY2YjJjMzk4N2MiLCJfYXV0aF91c2VyX2JhY2tlbmQiOiJkamFuZ28uY29udHJpYi5hdXRoLmJhY2tlbmRzLk1vZGVsQmFja2VuZCIsIl9hdXRoX3VzZXJfaWQiOiIyIn0="
    },
    "model": "sessions.session",
    "pk": "oyk1ensavl1y5xo2qz7j3hjaudwj3fme"
  },
  {
    "fields": {
      "expire_date": "2015-08-26T21:32:59.248Z",
      "session_data": "OTA4YWIyYTJhMDMzYmJjZjMwZDQ2NzExMTM4MTc0ZGJlMGQ4OTI4Nzp7Il9hdXRoX3VzZXJfaGFzaCI6IjhlYjY1N2UxOWRmNjVhMjI4MTc3ZjZkNzQ2YjU4YTBjOGU2NjNkZTUiLCJfYXV0aF91c2VyX2JhY2tlbmQiOiJkamFuZ28uY29udHJpYi5hdXRoLmJhY2tlbmRzLk1vZGVsQmFja2VuZCIsIl9hdXRoX3VzZXJfaWQiOiIyIn0="
    },
    "model": "sessions.session",
    "pk": "phvc8felllt8w8b4zxxyj7ma6ezdmlmj"
  },
  {
    "fields": {
      "expire_date": "2015-09-09T20:59:09.710Z",
      "session_data": "NDI3NWI5MmY1ZGM4NzhmNWZhZThjOWNjZjFjODQ4MWRmYTBmNWRlZTp7Il9hdXRoX3VzZXJfaGFzaCI6ImRjZTEwZTJkYTlhOGM3YTQwYjdkODFhN2FjMjhjYWY2YjJjMzk4N2MiLCJfYXV0aF91c2VyX2lkIjoiMiIsIl9hdXRoX3VzZXJfYmFja2VuZCI6ImRqYW5nby5jb250cmliLmF1dGguYmFja2VuZHMuTW9kZWxCYWNrZW5kIn0="
    },
    "model": "sessions.session",
    "pk": "ppsjbl0vlqix2bq643wspmyoz8hcoehw"
  },
  {
    "fields": {
      "expire_date": "2015-09-10T21:02:54.617Z",
      "session_data": "ZWI1MDI0Zjc3ZDI3MjRlMTY5YmNlM2VhMzE3MDBmNzA1MTJlZmZlNTp7Il9hdXRoX3VzZXJfaGFzaCI6ImRjZTEwZTJkYTlhOGM3YTQwYjdkODFhN2FjMjhjYWY2YjJjMzk4N2MiLCJfYXV0aF91c2VyX2JhY2tlbmQiOiJkamFuZ28uY29udHJpYi5hdXRoLmJhY2tlbmRzLk1vZGVsQmFja2VuZCIsIl9hdXRoX3VzZXJfaWQiOiIyIn0="
    },
    "model": "sessions.session",
    "pk": "q2klg0dswd1oxt3u3vvq1s2jdjyh9trr"
  },
  {
    "fields": {
      "expire_date": "2015-09-10T19:04:05.159Z",
      "session_data": "ZWI1MDI0Zjc3ZDI3MjRlMTY5YmNlM2VhMzE3MDBmNzA1MTJlZmZlNTp7Il9hdXRoX3VzZXJfaGFzaCI6ImRjZTEwZTJkYTlhOGM3YTQwYjdkODFhN2FjMjhjYWY2YjJjMzk4N2MiLCJfYXV0aF91c2VyX2JhY2tlbmQiOiJkamFuZ28uY29udHJpYi5hdXRoLmJhY2tlbmRzLk1vZGVsQmFja2VuZCIsIl9hdXRoX3VzZXJfaWQiOiIyIn0="
    },
    "model": "sessions.session",
    "pk": "q2rx8gtvqprixvhznm8qjbaly03reh7a"
  },
  {
    "fields": {
      "expire_date": "2015-09-01T18:14:52.179Z",
      "session_data": "OTQyMjhlNTA5OGIyNDQ0NDMyODhkYTZhNmJmZGRhODFiNWJiMGI4NDp7fQ=="
    },
    "model": "sessions.session",
    "pk": "q6tlyd4psb67fmn2z0w7rb8ot7o97q6i"
  },
  {
    "fields": {
      "expire_date": "2015-08-31T20:27:53.430Z",
      "session_data": "OTQyMjhlNTA5OGIyNDQ0NDMyODhkYTZhNmJmZGRhODFiNWJiMGI4NDp7fQ=="
    },
    "model": "sessions.session",
    "pk": "q7rn1sc8410x8o735yn4ahoyl4z3xm29"
  },
  {
    "fields": {
      "expire_date": "2015-09-12T10:50:32.162Z",
      "session_data": "NDI3NWI5MmY1ZGM4NzhmNWZhZThjOWNjZjFjODQ4MWRmYTBmNWRlZTp7Il9hdXRoX3VzZXJfaGFzaCI6ImRjZTEwZTJkYTlhOGM3YTQwYjdkODFhN2FjMjhjYWY2YjJjMzk4N2MiLCJfYXV0aF91c2VyX2lkIjoiMiIsIl9hdXRoX3VzZXJfYmFja2VuZCI6ImRqYW5nby5jb250cmliLmF1dGguYmFja2VuZHMuTW9kZWxCYWNrZW5kIn0="
    },
    "model": "sessions.session",
    "pk": "s28d2tgu2fvgm680zmzeo1b9jfy3sytw"
  },
  {
    "fields": {
      "expire_date": "2015-09-01T19:22:32.776Z",
      "session_data": "OTQyMjhlNTA5OGIyNDQ0NDMyODhkYTZhNmJmZGRhODFiNWJiMGI4NDp7fQ=="
    },
    "model": "sessions.session",
    "pk": "s6jqzxgdbdnnzgfqea4ehs0qgttz04dg"
  },
  {
    "fields": {
      "expire_date": "2015-09-12T21:57:08.854Z",
      "session_data": "NDI3NWI5MmY1ZGM4NzhmNWZhZThjOWNjZjFjODQ4MWRmYTBmNWRlZTp7Il9hdXRoX3VzZXJfaGFzaCI6ImRjZTEwZTJkYTlhOGM3YTQwYjdkODFhN2FjMjhjYWY2YjJjMzk4N2MiLCJfYXV0aF91c2VyX2lkIjoiMiIsIl9hdXRoX3VzZXJfYmFja2VuZCI6ImRqYW5nby5jb250cmliLmF1dGguYmFja2VuZHMuTW9kZWxCYWNrZW5kIn0="
    },
    "model": "sessions.session",
    "pk": "sgfiwuwv91yik2by9uyyz43piktur8wv"
  },
  {
    "fields": {
      "expire_date": "2015-09-09T21:23:57.352Z",
      "session_data": "ZWI1MDI0Zjc3ZDI3MjRlMTY5YmNlM2VhMzE3MDBmNzA1MTJlZmZlNTp7Il9hdXRoX3VzZXJfaGFzaCI6ImRjZTEwZTJkYTlhOGM3YTQwYjdkODFhN2FjMjhjYWY2YjJjMzk4N2MiLCJfYXV0aF91c2VyX2JhY2tlbmQiOiJkamFuZ28uY29udHJpYi5hdXRoLmJhY2tlbmRzLk1vZGVsQmFja2VuZCIsIl9hdXRoX3VzZXJfaWQiOiIyIn0="
    },
    "model": "sessions.session",
    "pk": "smgmtkxtx13lofxxasrwcax9q5iebqsw"
  },
  {
    "fields": {
      "expire_date": "2015-09-01T18:29:39.773Z",
      "session_data": "ZWIxNTg2OGYxNjg4OThhMjY2ODRiZWE4N2FiY2NjNWU2ZTkwYjc2Yzp7Il9hdXRoX3VzZXJfaGFzaCI6IjliNjhjZjhlY2UxYzMzMjFkNzg3NmFkZmVmMDMwZmU1YzM3NTlmMDciLCJfYXV0aF91c2VyX2lkIjoiMiIsIl9hdXRoX3VzZXJfYmFja2VuZCI6ImRqYW5nby5jb250cmliLmF1dGguYmFja2VuZHMuTW9kZWxCYWNrZW5kIn0="
    },
    "model": "sessions.session",
    "pk": "su3dk225pjm0q8rff8bth1n6tpu2mp1t"
  },
  {
    "fields": {
      "expire_date": "2015-09-03T21:33:58.298Z",
      "session_data": "NDI3NWI5MmY1ZGM4NzhmNWZhZThjOWNjZjFjODQ4MWRmYTBmNWRlZTp7Il9hdXRoX3VzZXJfaGFzaCI6ImRjZTEwZTJkYTlhOGM3YTQwYjdkODFhN2FjMjhjYWY2YjJjMzk4N2MiLCJfYXV0aF91c2VyX2lkIjoiMiIsIl9hdXRoX3VzZXJfYmFja2VuZCI6ImRqYW5nby5jb250cmliLmF1dGguYmFja2VuZHMuTW9kZWxCYWNrZW5kIn0="
    },
    "model": "sessions.session",
    "pk": "t24i6nloxmwe5ney91xrutzztagt03g9"
  },
  {
    "fields": {
      "expire_date": "2015-09-26T07:40:35.026Z",
      "session_data": "ZWI1MDI0Zjc3ZDI3MjRlMTY5YmNlM2VhMzE3MDBmNzA1MTJlZmZlNTp7Il9hdXRoX3VzZXJfaGFzaCI6ImRjZTEwZTJkYTlhOGM3YTQwYjdkODFhN2FjMjhjYWY2YjJjMzk4N2MiLCJfYXV0aF91c2VyX2JhY2tlbmQiOiJkamFuZ28uY29udHJpYi5hdXRoLmJhY2tlbmRzLk1vZGVsQmFja2VuZCIsIl9hdXRoX3VzZXJfaWQiOiIyIn0="
    },
    "model": "sessions.session",
    "pk": "t3dyzy08e70j6vk63pjs9pl9w54d5f18"
  },
  {
    "fields": {
      "expire_date": "2015-09-10T18:17:21.835Z",
      "session_data": "NDI3NWI5MmY1ZGM4NzhmNWZhZThjOWNjZjFjODQ4MWRmYTBmNWRlZTp7Il9hdXRoX3VzZXJfaGFzaCI6ImRjZTEwZTJkYTlhOGM3YTQwYjdkODFhN2FjMjhjYWY2YjJjMzk4N2MiLCJfYXV0aF91c2VyX2lkIjoiMiIsIl9hdXRoX3VzZXJfYmFja2VuZCI6ImRqYW5nby5jb250cmliLmF1dGguYmFja2VuZHMuTW9kZWxCYWNrZW5kIn0="
    },
    "model": "sessions.session",
    "pk": "t3uf90swxezim2d964o88mvkxxbu7d1x"
  },
  {
    "fields": {
      "expire_date": "2015-08-25T19:52:25.002Z",
      "session_data": "M2VkYjcwZTQ3MDY0MDM0ZGE5NjNiYjA3ZDI1YTk3M2I0YzY4ZDQxYTp7Il9hdXRoX3VzZXJfaGFzaCI6IjhlYjY1N2UxOWRmNjVhMjI4MTc3ZjZkNzQ2YjU4YTBjOGU2NjNkZTUiLCJfYXV0aF91c2VyX2lkIjoiMiIsIl9hdXRoX3VzZXJfYmFja2VuZCI6ImRqYW5nby5jb250cmliLmF1dGguYmFja2VuZHMuTW9kZWxCYWNrZW5kIn0="
    },
    "model": "sessions.session",
    "pk": "t5zz0ur4udbo4pul2u5so75byh6svaab"
  },
  {
    "fields": {
      "expire_date": "2015-08-26T19:05:33.406Z",
      "session_data": "OTQyMjhlNTA5OGIyNDQ0NDMyODhkYTZhNmJmZGRhODFiNWJiMGI4NDp7fQ=="
    },
    "model": "sessions.session",
    "pk": "t76lb1cy5cdhmp4hv3a8inp63ckdbqyl"
  },
  {
    "fields": {
      "expire_date": "2015-09-01T18:41:17.644Z",
      "session_data": "NDI3NWI5MmY1ZGM4NzhmNWZhZThjOWNjZjFjODQ4MWRmYTBmNWRlZTp7Il9hdXRoX3VzZXJfaGFzaCI6ImRjZTEwZTJkYTlhOGM3YTQwYjdkODFhN2FjMjhjYWY2YjJjMzk4N2MiLCJfYXV0aF91c2VyX2lkIjoiMiIsIl9hdXRoX3VzZXJfYmFja2VuZCI6ImRqYW5nby5jb250cmliLmF1dGguYmFja2VuZHMuTW9kZWxCYWNrZW5kIn0="
    },
    "model": "sessions.session",
    "pk": "taqwl6q80byyp0aapjfbzpcbx9jqzvc1"
  },
  {
    "fields": {
      "expire_date": "2015-08-26T19:30:53.497Z",
      "session_data": "MzRjYjhmN2Q2ZGNmZGUxZDRiZGYzY2EzMzE3ZjVlNWUyYTA0Y2U3Yzp7Il9hdXRoX3VzZXJfaGFzaCI6IjFlYjQyYzg4ZDE5N2E2YTYzMTBkZWVlZTZmOGNiYjkxZDE5YzIzNzEiLCJfYXV0aF91c2VyX2lkIjoiMTUiLCJfYXV0aF91c2VyX2JhY2tlbmQiOiJkamFuZ28uY29udHJpYi5hdXRoLmJhY2tlbmRzLk1vZGVsQmFja2VuZCJ9"
    },
    "model": "sessions.session",
    "pk": "tijakyie10o2sgs04q00ojjkgoydjn41"
  },
  {
    "fields": {
      "expire_date": "2015-09-18T22:19:42.010Z",
      "session_data": "OTQyMjhlNTA5OGIyNDQ0NDMyODhkYTZhNmJmZGRhODFiNWJiMGI4NDp7fQ=="
    },
    "model": "sessions.session",
    "pk": "tqi93s8j0ltclwy6w719ehi2kadf1tq3"
  },
  {
    "fields": {
      "expire_date": "2015-09-01T17:41:51.266Z",
      "session_data": "OTQyMjhlNTA5OGIyNDQ0NDMyODhkYTZhNmJmZGRhODFiNWJiMGI4NDp7fQ=="
    },
    "model": "sessions.session",
    "pk": "uww2wjxivw102zqj8cvo5ohcjaccrag6"
  },
  {
    "fields": {
      "expire_date": "2015-09-06T22:22:38.142Z",
      "session_data": "NDI3NWI5MmY1ZGM4NzhmNWZhZThjOWNjZjFjODQ4MWRmYTBmNWRlZTp7Il9hdXRoX3VzZXJfaGFzaCI6ImRjZTEwZTJkYTlhOGM3YTQwYjdkODFhN2FjMjhjYWY2YjJjMzk4N2MiLCJfYXV0aF91c2VyX2lkIjoiMiIsIl9hdXRoX3VzZXJfYmFja2VuZCI6ImRqYW5nby5jb250cmliLmF1dGguYmFja2VuZHMuTW9kZWxCYWNrZW5kIn0="
    },
    "model": "sessions.session",
    "pk": "ve0rfgewmtwluidkxe4iyr5f2493nvqy"
  },
  {
    "fields": {
      "expire_date": "2015-09-26T08:01:00.237Z",
      "session_data": "ZWI1MDI0Zjc3ZDI3MjRlMTY5YmNlM2VhMzE3MDBmNzA1MTJlZmZlNTp7Il9hdXRoX3VzZXJfaGFzaCI6ImRjZTEwZTJkYTlhOGM3YTQwYjdkODFhN2FjMjhjYWY2YjJjMzk4N2MiLCJfYXV0aF91c2VyX2JhY2tlbmQiOiJkamFuZ28uY29udHJpYi5hdXRoLmJhY2tlbmRzLk1vZGVsQmFja2VuZCIsIl9hdXRoX3VzZXJfaWQiOiIyIn0="
    },
    "model": "sessions.session",
    "pk": "w1vin81phb0zhzs7pqwu44fij36c0y8a"
  },
  {
    "fields": {
      "expire_date": "2015-08-25T20:12:14.205Z",
      "session_data": "M2VkYjcwZTQ3MDY0MDM0ZGE5NjNiYjA3ZDI1YTk3M2I0YzY4ZDQxYTp7Il9hdXRoX3VzZXJfaGFzaCI6IjhlYjY1N2UxOWRmNjVhMjI4MTc3ZjZkNzQ2YjU4YTBjOGU2NjNkZTUiLCJfYXV0aF91c2VyX2lkIjoiMiIsIl9hdXRoX3VzZXJfYmFja2VuZCI6ImRqYW5nby5jb250cmliLmF1dGguYmFja2VuZHMuTW9kZWxCYWNrZW5kIn0="
    },
    "model": "sessions.session",
    "pk": "x4g3ojilpvnq2gjbowbstq8ssv9fv2mq"
  },
  {
    "fields": {
      "expire_date": "2015-08-31T20:07:25.219Z",
      "session_data": "M2VkYjcwZTQ3MDY0MDM0ZGE5NjNiYjA3ZDI1YTk3M2I0YzY4ZDQxYTp7Il9hdXRoX3VzZXJfaGFzaCI6IjhlYjY1N2UxOWRmNjVhMjI4MTc3ZjZkNzQ2YjU4YTBjOGU2NjNkZTUiLCJfYXV0aF91c2VyX2lkIjoiMiIsIl9hdXRoX3VzZXJfYmFja2VuZCI6ImRqYW5nby5jb250cmliLmF1dGguYmFja2VuZHMuTW9kZWxCYWNrZW5kIn0="
    },
    "model": "sessions.session",
    "pk": "xhgmjlhmel8fa16hq8dxos6kr0ww2ihh"
  },
  {
    "fields": {
      "expire_date": "2015-09-06T20:22:32.550Z",
      "session_data": "NDI3NWI5MmY1ZGM4NzhmNWZhZThjOWNjZjFjODQ4MWRmYTBmNWRlZTp7Il9hdXRoX3VzZXJfaGFzaCI6ImRjZTEwZTJkYTlhOGM3YTQwYjdkODFhN2FjMjhjYWY2YjJjMzk4N2MiLCJfYXV0aF91c2VyX2lkIjoiMiIsIl9hdXRoX3VzZXJfYmFja2VuZCI6ImRqYW5nby5jb250cmliLmF1dGguYmFja2VuZHMuTW9kZWxCYWNrZW5kIn0="
    },
    "model": "sessions.session",
    "pk": "xv1rxqfxgk3fseb4r4v5c5z1v7qs8737"
  },
  {
    "fields": {
      "expire_date": "2015-08-25T20:27:44.778Z",
      "session_data": "OTA4YWIyYTJhMDMzYmJjZjMwZDQ2NzExMTM4MTc0ZGJlMGQ4OTI4Nzp7Il9hdXRoX3VzZXJfaGFzaCI6IjhlYjY1N2UxOWRmNjVhMjI4MTc3ZjZkNzQ2YjU4YTBjOGU2NjNkZTUiLCJfYXV0aF91c2VyX2JhY2tlbmQiOiJkamFuZ28uY29udHJpYi5hdXRoLmJhY2tlbmRzLk1vZGVsQmFja2VuZCIsIl9hdXRoX3VzZXJfaWQiOiIyIn0="
    },
    "model": "sessions.session",
    "pk": "ynpguqnx3s4qzc3jydi1cwz7k1bbl66h"
  },
  {
    "fields": {
      "expire_date": "2015-08-31T18:02:17.462Z",
      "session_data": "OTQyMjhlNTA5OGIyNDQ0NDMyODhkYTZhNmJmZGRhODFiNWJiMGI4NDp7fQ=="
    },
    "model": "sessions.session",
    "pk": "zldwzdi23rihevwhlwdc52xvd9bp2cgv"
  },
  {
    "fields": {
      "expire_date": "2015-08-26T21:52:03.336Z",
      "session_data": "OTA4YWIyYTJhMDMzYmJjZjMwZDQ2NzExMTM4MTc0ZGJlMGQ4OTI4Nzp7Il9hdXRoX3VzZXJfaGFzaCI6IjhlYjY1N2UxOWRmNjVhMjI4MTc3ZjZkNzQ2YjU4YTBjOGU2NjNkZTUiLCJfYXV0aF91c2VyX2JhY2tlbmQiOiJkamFuZ28uY29udHJpYi5hdXRoLmJhY2tlbmRzLk1vZGVsQmFja2VuZCIsIl9hdXRoX3VzZXJfaWQiOiIyIn0="
    },
    "model": "sessions.session",
    "pk": "zs16xv7blts9qqk8dljymdvtc4lw8alj"
  },
  {
    "fields": {
      "modification_date": "2015-08-26T19:15:06.402Z",
      "author": 12,
      "text": "Priorytet! ",
      "object_id": 51,
      "creation_date": "2015-08-26T19:15:06.402Z",
      "content_type": 12
    },
    "model": "boards.comment",
    "pk": 1
  },
  {
    "fields": {
      "modification_date": "2015-08-26T19:16:51.063Z",
      "author": 12,
      "text": "eh",
      "object_id": 11,
      "creation_date": "2015-08-26T19:16:51.063Z",
      "content_type": 10
    },
    "model": "boards.comment",
    "pk": 2
  },
  {
    "fields": {
      "modification_date": "2015-08-26T19:16:58.015Z",
      "author": 12,
      "text": "sdf",
      "object_id": 11,
      "creation_date": "2015-08-26T19:16:58.015Z",
      "content_type": 10
    },
    "model": "boards.comment",
    "pk": 3
  },
  {
    "fields": {
      "modification_date": "2015-08-26T19:16:59.123Z",
      "author": 12,
      "text": "df",
      "object_id": 11,
      "creation_date": "2015-08-26T19:16:59.123Z",
      "content_type": 10
    },
    "model": "boards.comment",
    "pk": 4
  },
  {
    "fields": {
      "modification_date": "2015-08-26T20:02:40.426Z",
      "author": 1,
      "text": "hello",
      "object_id": 7,
      "creation_date": "2015-08-26T20:02:40.426Z",
      "content_type": 10
    },
    "model": "boards.comment",
    "pk": 5
  },
  {
    "fields": {
      "modification_date": "2015-09-07T19:29:14.452Z",
      "author": 1,
      "text": "asd",
      "object_id": 1,
      "creation_date": "2015-09-07T19:29:14.452Z",
      "content_type": 10
    },
    "model": "boards.comment",
    "pk": 6
  },
  {
    "fields": {
      "modification_date": "2015-09-26T07:29:36.158Z",
      "author": 1,
      "text": "hehe, nie umie",
      "object_id": 54,
      "creation_date": "2015-09-26T07:29:36.158Z",
      "content_type": 12
    },
    "model": "boards.comment",
    "pk": 7
  },
  {
    "fields": {
      "color": "#eee",
      "css_class": "bg-todo",
      "status": "OPEN"
    },
    "model": "boards.label",
    "pk": 1
  },
  {
    "fields": {
      "color": "#eee",
      "css_class": "bg-inprogress",
      "status": "PROGRESS"
    },
    "model": "boards.label",
    "pk": 2
  },
  {
    "fields": {
      "color": "#eee",
      "css_class": "bg-inreview",
      "status": "REVIEW"
    },
    "model": "boards.label",
    "pk": 3
  },
  {
    "fields": {
      "color": "#eee",
      "css_class": "bg-done",
      "status": "DONE"
    },
    "model": "boards.label",
    "pk": 4
  },
  {
    "fields": {
      "color": "#eee",
      "css_class": "bg-blocked",
      "status": "BLOCKED"
    },
    "model": "boards.label",
    "pk": 5
  },
  {
    "fields": {
      "owner": 1,
      "desk_slug": "d1"
    },
    "model": "boards.desk",
    "pk": 1
  },
  {
    "fields": {
      "owner": 2,
      "desk_slug": "d2"
    },
    "model": "boards.desk",
    "pk": 2
  },
  {
    "fields": {
      "owner": 11,
      "desk_slug": "8"
    },
    "model": "boards.desk",
    "pk": 3
  },
  {
    "fields": {
      "owner": 12,
      "desk_slug": "nowy"
    },
    "model": "boards.desk",
    "pk": 4
  },
  {
    "fields": {
      "sticker_sequence": 6,
      "author": 1,
      "modification_date": "2015-08-25T19:16:24.709Z",
      "title": "board0",
      "sequence": 1,
      "creation_date": "2015-08-25T19:16:24.680Z",
      "prefix": "TEST0",
      "desk": 1
    },
    "model": "boards.board",
    "pk": 1
  },
  {
    "fields": {
      "sticker_sequence": 9,
      "author": 1,
      "modification_date": "2015-09-26T07:31:34.203Z",
      "title": "board1",
      "sequence": 2,
      "creation_date": "2015-08-25T19:16:24.716Z",
      "prefix": "TEST1",
      "desk": 1
    },
    "model": "boards.board",
    "pk": 2
  },
  {
    "fields": {
      "sticker_sequence": 6,
      "author": 1,
      "modification_date": "2015-08-25T19:16:24.774Z",
      "title": "board2",
      "sequence": 3,
      "creation_date": "2015-08-25T19:16:24.747Z",
      "prefix": "TEST2",
      "desk": 1
    },
    "model": "boards.board",
    "pk": 3
  },
  {
    "fields": {
      "sticker_sequence": 6,
      "author": 1,
      "modification_date": "2015-08-25T19:16:24.809Z",
      "title": "board3",
      "sequence": 4,
      "creation_date": "2015-08-25T19:16:24.781Z",
      "prefix": "TEST3",
      "desk": 1
    },
    "model": "boards.board",
    "pk": 4
  },
  {
    "fields": {
      "sticker_sequence": 6,
      "author": 1,
      "modification_date": "2015-08-25T19:16:24.842Z",
      "title": "board4",
      "sequence": 5,
      "creation_date": "2015-08-25T19:16:24.815Z",
      "prefix": "TEST4",
      "desk": 1
    },
    "model": "boards.board",
    "pk": 5
  },
  {
    "fields": {
      "sticker_sequence": 6,
      "author": 2,
      "modification_date": "2015-08-25T19:16:25.025Z",
      "title": "board0",
      "sequence": 1,
      "creation_date": "2015-08-25T19:16:24.999Z",
      "prefix": "TEST0",
      "desk": 2
    },
    "model": "boards.board",
    "pk": 6
  },
  {
    "fields": {
      "sticker_sequence": 7,
      "author": 2,
      "modification_date": "2015-08-26T20:15:16.800Z",
      "title": "board1",
      "sequence": 2,
      "creation_date": "2015-08-25T19:16:25.031Z",
      "prefix": "TEST1",
      "desk": 2
    },
    "model": "boards.board",
    "pk": 7
  },
  {
    "fields": {
      "sticker_sequence": 6,
      "author": 2,
      "modification_date": "2015-08-25T19:16:25.098Z",
      "title": "board2",
      "sequence": 3,
      "creation_date": "2015-08-25T19:16:25.067Z",
      "prefix": "TEST2",
      "desk": 2
    },
    "model": "boards.board",
    "pk": 8
  },
  {
    "fields": {
      "sticker_sequence": 6,
      "author": 2,
      "modification_date": "2015-08-25T19:16:25.136Z",
      "title": "board3",
      "sequence": 4,
      "creation_date": "2015-08-25T19:16:25.106Z",
      "prefix": "TEST3",
      "desk": 2
    },
    "model": "boards.board",
    "pk": 9
  },
  {
    "fields": {
      "sticker_sequence": 6,
      "author": 2,
      "modification_date": "2015-08-25T19:16:25.173Z",
      "title": "board4",
      "sequence": 5,
      "creation_date": "2015-08-25T19:16:25.144Z",
      "prefix": "TEST4",
      "desk": 2
    },
    "model": "boards.board",
    "pk": 10
  },
  {
    "fields": {
      "sticker_sequence": 2,
      "author": 12,
      "modification_date": "2015-08-26T19:14:40.080Z",
      "title": "Angielski",
      "sequence": 1,
      "creation_date": "2015-08-26T19:14:19.839Z",
      "prefix": "ang",
      "desk": 4
    },
    "model": "boards.board",
    "pk": 11
  },
  {
    "fields": {
      "end_date": "2015-08-29",
      "modification_date": "2015-08-26T19:15:27.206Z",
      "author": 12,
      "number": "1.00",
      "creation_date": "2015-08-26T19:15:27.206Z",
      "board": 11,
      "start_date": "2015-08-26"
    },
    "model": "boards.sprint",
    "pk": 1
  },
  {
    "fields": {
      "end_date": "2015-09-18",
      "modification_date": "2015-09-09T20:11:27.904Z",
      "author": 1,
      "number": "1.00",
      "creation_date": "2015-09-09T20:11:27.904Z",
      "board": 1,
      "start_date": "2015-09-09"
    },
    "model": "boards.sprint",
    "pk": 2
  },
  {
    "fields": {
      "end_date": "2015-10-17",
      "modification_date": "2015-09-26T07:30:04.277Z",
      "author": 1,
      "number": "1.00",
      "creation_date": "2015-09-26T07:30:04.277Z",
      "board": 2,
      "start_date": "2015-09-26"
    },
    "model": "boards.sprint",
    "pk": 3
  },
  {
    "fields": {
      "description": "desc0",
      "modification_date": "2015-08-25T19:16:24.686Z",
      "author": 1,
      "sequence": 1,
      "creation_date": "2015-08-25T19:16:24.686Z",
      "caption": "stick0",
      "board": 1,
      "sprint": null,
      "label": 1
    },
    "model": "boards.sticker",
    "pk": 1
  },
  {
    "fields": {
      "description": "desc1",
      "modification_date": "2015-08-25T19:16:24.691Z",
      "author": 1,
      "sequence": 2,
      "creation_date": "2015-08-25T19:16:24.691Z",
      "caption": "stick1",
      "board": 1,
      "sprint": null,
      "label": 3
    },
    "model": "boards.sticker",
    "pk": 2
  },
  {
    "fields": {
      "description": "desc2",
      "modification_date": "2015-08-25T19:16:24.698Z",
      "author": 1,
      "sequence": 3,
      "creation_date": "2015-08-25T19:16:24.698Z",
      "caption": "stick2",
      "board": 1,
      "sprint": null,
      "label": 2
    },
    "model": "boards.sticker",
    "pk": 3
  },
  {
    "fields": {
      "description": "desc3",
      "modification_date": "2015-08-25T19:16:24.704Z",
      "author": 1,
      "sequence": 4,
      "creation_date": "2015-08-25T19:16:24.704Z",
      "caption": "stick3",
      "board": 1,
      "sprint": null,
      "label": 4
    },
    "model": "boards.sticker",
    "pk": 4
  },
  {
    "fields": {
      "description": "desc4",
      "modification_date": "2015-08-25T19:16:24.710Z",
      "author": 1,
      "sequence": 5,
      "creation_date": "2015-08-25T19:16:24.710Z",
      "caption": "stick4",
      "board": 1,
      "sprint": null,
      "label": 4
    },
    "model": "boards.sticker",
    "pk": 5
  },
  {
    "fields": {
      "description": "desc0",
      "modification_date": "2015-08-25T19:16:24.723Z",
      "author": 1,
      "sequence": 1,
      "creation_date": "2015-08-25T19:16:24.723Z",
      "caption": "stick0",
      "board": 2,
      "sprint": null,
      "label": 2
    },
    "model": "boards.sticker",
    "pk": 6
  },
  {
    "fields": {
      "description": "desc1",
      "modification_date": "2015-08-25T19:16:24.729Z",
      "author": 1,
      "sequence": 2,
      "creation_date": "2015-08-25T19:16:24.729Z",
      "caption": "stick1",
      "board": 2,
      "sprint": null,
      "label": 1
    },
    "model": "boards.sticker",
    "pk": 7
  },
  {
    "fields": {
      "description": "desc2",
      "modification_date": "2015-08-25T19:16:24.734Z",
      "author": 1,
      "sequence": 3,
      "creation_date": "2015-08-25T19:16:24.734Z",
      "caption": "stick2",
      "board": 2,
      "sprint": null,
      "label": 1
    },
    "model": "boards.sticker",
    "pk": 8
  },
  {
    "fields": {
      "description": "desc3",
      "modification_date": "2015-08-25T19:16:24.739Z",
      "author": 1,
      "sequence": 4,
      "creation_date": "2015-08-25T19:16:24.739Z",
      "caption": "stick3",
      "board": 2,
      "sprint": null,
      "label": 4
    },
    "model": "boards.sticker",
    "pk": 9
  },
  {
    "fields": {
      "description": "desc4",
      "modification_date": "2015-08-25T19:16:24.744Z",
      "author": 1,
      "sequence": 5,
      "creation_date": "2015-08-25T19:16:24.744Z",
      "caption": "stick4",
      "board": 2,
      "sprint": null,
      "label": 3
    },
    "model": "boards.sticker",
    "pk": 10
  },
  {
    "fields": {
      "description": "desc0",
      "modification_date": "2015-08-25T19:16:24.753Z",
      "author": 1,
      "sequence": 1,
      "creation_date": "2015-08-25T19:16:24.753Z",
      "caption": "stick0",
      "board": 3,
      "sprint": null,
      "label": 4
    },
    "model": "boards.sticker",
    "pk": 11
  },
  {
    "fields": {
      "description": "desc1",
      "modification_date": "2015-08-25T19:16:24.757Z",
      "author": 1,
      "sequence": 2,
      "creation_date": "2015-08-25T19:16:24.757Z",
      "caption": "stick1",
      "board": 3,
      "sprint": null,
      "label": 3
    },
    "model": "boards.sticker",
    "pk": 12
  },
  {
    "fields": {
      "description": "desc2",
      "modification_date": "2015-08-25T19:16:24.763Z",
      "author": 1,
      "sequence": 3,
      "creation_date": "2015-08-25T19:16:24.763Z",
      "caption": "stick2",
      "board": 3,
      "sprint": null,
      "label": 4
    },
    "model": "boards.sticker",
    "pk": 13
  },
  {
    "fields": {
      "description": "desc3",
      "modification_date": "2015-08-25T19:16:24.769Z",
      "author": 1,
      "sequence": 4,
      "creation_date": "2015-08-25T19:16:24.769Z",
      "caption": "stick3",
      "board": 3,
      "sprint": null,
      "label": 1
    },
    "model": "boards.sticker",
    "pk": 14
  },
  {
    "fields": {
      "description": "desc44",
      "modification_date": "2015-09-11T18:55:57.368Z",
      "author": 1,
      "sequence": 5,
      "creation_date": "2015-08-25T19:16:24.775Z",
      "caption": "stick4",
      "board": 3,
      "sprint": null,
      "label": 4
    },
    "model": "boards.sticker",
    "pk": 15
  },
  {
    "fields": {
      "description": "desc0",
      "modification_date": "2015-08-25T19:16:24.788Z",
      "author": 1,
      "sequence": 1,
      "creation_date": "2015-08-25T19:16:24.788Z",
      "caption": "stick0",
      "board": 4,
      "sprint": null,
      "label": 1
    },
    "model": "boards.sticker",
    "pk": 16
  },
  {
    "fields": {
      "description": "desc1",
      "modification_date": "2015-08-25T19:16:24.794Z",
      "author": 1,
      "sequence": 2,
      "creation_date": "2015-08-25T19:16:24.794Z",
      "caption": "stick1",
      "board": 4,
      "sprint": null,
      "label": 3
    },
    "model": "boards.sticker",
    "pk": 17
  },
  {
    "fields": {
      "description": "desc2",
      "modification_date": "2015-08-25T19:16:24.798Z",
      "author": 1,
      "sequence": 3,
      "creation_date": "2015-08-25T19:16:24.798Z",
      "caption": "stick2",
      "board": 4,
      "sprint": null,
      "label": 3
    },
    "model": "boards.sticker",
    "pk": 18
  },
  {
    "fields": {
      "description": "desc3",
      "modification_date": "2015-08-25T19:16:24.803Z",
      "author": 1,
      "sequence": 4,
      "creation_date": "2015-08-25T19:16:24.803Z",
      "caption": "stick3",
      "board": 4,
      "sprint": null,
      "label": 2
    },
    "model": "boards.sticker",
    "pk": 19
  },
  {
    "fields": {
      "description": "desc4",
      "modification_date": "2015-08-25T19:16:24.811Z",
      "author": 1,
      "sequence": 5,
      "creation_date": "2015-08-25T19:16:24.811Z",
      "caption": "stick4",
      "board": 4,
      "sprint": null,
      "label": 4
    },
    "model": "boards.sticker",
    "pk": 20
  },
  {
    "fields": {
      "description": "desc0",
      "modification_date": "2015-08-25T19:16:24.821Z",
      "author": 1,
      "sequence": 1,
      "creation_date": "2015-08-25T19:16:24.821Z",
      "caption": "stick0",
      "board": 5,
      "sprint": null,
      "label": 1
    },
    "model": "boards.sticker",
    "pk": 21
  },
  {
    "fields": {
      "description": "desc1",
      "modification_date": "2015-08-25T19:16:24.826Z",
      "author": 1,
      "sequence": 2,
      "creation_date": "2015-08-25T19:16:24.826Z",
      "caption": "stick1",
      "board": 5,
      "sprint": null,
      "label": 1
    },
    "model": "boards.sticker",
    "pk": 22
  },
  {
    "fields": {
      "description": "desc2",
      "modification_date": "2015-08-25T19:16:24.831Z",
      "author": 1,
      "sequence": 3,
      "creation_date": "2015-08-25T19:16:24.831Z",
      "caption": "stick2",
      "board": 5,
      "sprint": null,
      "label": 1
    },
    "model": "boards.sticker",
    "pk": 23
  },
  {
    "fields": {
      "description": "desc3",
      "modification_date": "2015-08-25T19:16:24.835Z",
      "author": 1,
      "sequence": 4,
      "creation_date": "2015-08-25T19:16:24.835Z",
      "caption": "stick3",
      "board": 5,
      "sprint": null,
      "label": 2
    },
    "model": "boards.sticker",
    "pk": 24
  },
  {
    "fields": {
      "description": "desc4",
      "modification_date": "2015-08-25T19:16:24.845Z",
      "author": 1,
      "sequence": 5,
      "creation_date": "2015-08-25T19:16:24.844Z",
      "caption": "stick4",
      "board": 5,
      "sprint": null,
      "label": 3
    },
    "model": "boards.sticker",
    "pk": 25
  },
  {
    "fields": {
      "description": "desc0",
      "modification_date": "2015-08-25T19:16:25.005Z",
      "author": 2,
      "sequence": 1,
      "creation_date": "2015-08-25T19:16:25.005Z",
      "caption": "stick0",
      "board": 6,
      "sprint": null,
      "label": 4
    },
    "model": "boards.sticker",
    "pk": 26
  },
  {
    "fields": {
      "description": "desc1",
      "modification_date": "2015-08-25T19:16:25.009Z",
      "author": 2,
      "sequence": 2,
      "creation_date": "2015-08-25T19:16:25.009Z",
      "caption": "stick1",
      "board": 6,
      "sprint": null,
      "label": 1
    },
    "model": "boards.sticker",
    "pk": 27
  },
  {
    "fields": {
      "description": "desc2",
      "modification_date": "2015-08-25T19:16:25.014Z",
      "author": 2,
      "sequence": 3,
      "creation_date": "2015-08-25T19:16:25.014Z",
      "caption": "stick2",
      "board": 6,
      "sprint": null,
      "label": 1
    },
    "model": "boards.sticker",
    "pk": 28
  },
  {
    "fields": {
      "description": "desc3",
      "modification_date": "2015-08-25T19:16:25.020Z",
      "author": 2,
      "sequence": 4,
      "creation_date": "2015-08-25T19:16:25.020Z",
      "caption": "stick3",
      "board": 6,
      "sprint": null,
      "label": 3
    },
    "model": "boards.sticker",
    "pk": 29
  },
  {
    "fields": {
      "description": "desc4",
      "modification_date": "2015-08-25T19:16:25.026Z",
      "author": 2,
      "sequence": 5,
      "creation_date": "2015-08-25T19:16:25.026Z",
      "caption": "stick4",
      "board": 6,
      "sprint": null,
      "label": 4
    },
    "model": "boards.sticker",
    "pk": 30
  },
  {
    "fields": {
      "description": "desc0",
      "modification_date": "2015-08-25T19:16:25.040Z",
      "author": 2,
      "sequence": 1,
      "creation_date": "2015-08-25T19:16:25.040Z",
      "caption": "stick0",
      "board": 7,
      "sprint": null,
      "label": 1
    },
    "model": "boards.sticker",
    "pk": 31
  },
  {
    "fields": {
      "description": "desc1",
      "modification_date": "2015-08-25T19:16:25.046Z",
      "author": 2,
      "sequence": 2,
      "creation_date": "2015-08-25T19:16:25.046Z",
      "caption": "stick1",
      "board": 7,
      "sprint": null,
      "label": 1
    },
    "model": "boards.sticker",
    "pk": 32
  },
  {
    "fields": {
      "description": "desc2",
      "modification_date": "2015-08-25T19:16:25.052Z",
      "author": 2,
      "sequence": 3,
      "creation_date": "2015-08-25T19:16:25.052Z",
      "caption": "stick2",
      "board": 7,
      "sprint": null,
      "label": 1
    },
    "model": "boards.sticker",
    "pk": 33
  },
  {
    "fields": {
      "description": "desc3",
      "modification_date": "2015-08-25T19:16:25.057Z",
      "author": 2,
      "sequence": 4,
      "creation_date": "2015-08-25T19:16:25.057Z",
      "caption": "stick3",
      "board": 7,
      "sprint": null,
      "label": 2
    },
    "model": "boards.sticker",
    "pk": 34
  },
  {
    "fields": {
      "description": "desc4",
      "modification_date": "2015-08-25T19:16:25.062Z",
      "author": 2,
      "sequence": 5,
      "creation_date": "2015-08-25T19:16:25.062Z",
      "caption": "stick4",
      "board": 7,
      "sprint": null,
      "label": 2
    },
    "model": "boards.sticker",
    "pk": 35
  },
  {
    "fields": {
      "description": "desc0",
      "modification_date": "2015-08-25T19:16:25.073Z",
      "author": 2,
      "sequence": 1,
      "creation_date": "2015-08-25T19:16:25.073Z",
      "caption": "stick0",
      "board": 8,
      "sprint": null,
      "label": 1
    },
    "model": "boards.sticker",
    "pk": 36
  },
  {
    "fields": {
      "description": "desc1",
      "modification_date": "2015-08-25T19:16:25.080Z",
      "author": 2,
      "sequence": 2,
      "creation_date": "2015-08-25T19:16:25.080Z",
      "caption": "stick1",
      "board": 8,
      "sprint": null,
      "label": 3
    },
    "model": "boards.sticker",
    "pk": 37
  },
  {
    "fields": {
      "description": "desc2",
      "modification_date": "2015-08-25T19:16:25.084Z",
      "author": 2,
      "sequence": 3,
      "creation_date": "2015-08-25T19:16:25.084Z",
      "caption": "stick2",
      "board": 8,
      "sprint": null,
      "label": 2
    },
    "model": "boards.sticker",
    "pk": 38
  },
  {
    "fields": {
      "description": "desc3",
      "modification_date": "2015-08-25T19:16:25.092Z",
      "author": 2,
      "sequence": 4,
      "creation_date": "2015-08-25T19:16:25.091Z",
      "caption": "stick3",
      "board": 8,
      "sprint": null,
      "label": 3
    },
    "model": "boards.sticker",
    "pk": 39
  },
  {
    "fields": {
      "description": "desc4",
      "modification_date": "2015-08-25T19:16:25.099Z",
      "author": 2,
      "sequence": 5,
      "creation_date": "2015-08-25T19:16:25.099Z",
      "caption": "stick4",
      "board": 8,
      "sprint": null,
      "label": 4
    },
    "model": "boards.sticker",
    "pk": 40
  },
  {
    "fields": {
      "description": "desc0",
      "modification_date": "2015-08-25T19:16:25.113Z",
      "author": 2,
      "sequence": 1,
      "creation_date": "2015-08-25T19:16:25.113Z",
      "caption": "stick0",
      "board": 9,
      "sprint": null,
      "label": 1
    },
    "model": "boards.sticker",
    "pk": 41
  },
  {
    "fields": {
      "description": "desc1",
      "modification_date": "2015-08-25T19:16:25.120Z",
      "author": 2,
      "sequence": 2,
      "creation_date": "2015-08-25T19:16:25.120Z",
      "caption": "stick1",
      "board": 9,
      "sprint": null,
      "label": 2
    },
    "model": "boards.sticker",
    "pk": 42
  },
  {
    "fields": {
      "description": "desc2",
      "modification_date": "2015-08-25T19:16:25.126Z",
      "author": 2,
      "sequence": 3,
      "creation_date": "2015-08-25T19:16:25.126Z",
      "caption": "stick2",
      "board": 9,
      "sprint": null,
      "label": 3
    },
    "model": "boards.sticker",
    "pk": 43
  },
  {
    "fields": {
      "description": "desc3",
      "modification_date": "2015-08-25T19:16:25.131Z",
      "author": 2,
      "sequence": 4,
      "creation_date": "2015-08-25T19:16:25.131Z",
      "caption": "stick3",
      "board": 9,
      "sprint": null,
      "label": 1
    },
    "model": "boards.sticker",
    "pk": 44
  },
  {
    "fields": {
      "description": "desc4",
      "modification_date": "2015-08-25T19:16:25.138Z",
      "author": 2,
      "sequence": 5,
      "creation_date": "2015-08-25T19:16:25.138Z",
      "caption": "stick4",
      "board": 9,
      "sprint": null,
      "label": 3
    },
    "model": "boards.sticker",
    "pk": 45
  },
  {
    "fields": {
      "description": "desc0",
      "modification_date": "2015-08-25T19:16:25.152Z",
      "author": 2,
      "sequence": 1,
      "creation_date": "2015-08-25T19:16:25.152Z",
      "caption": "stick0",
      "board": 10,
      "sprint": null,
      "label": 2
    },
    "model": "boards.sticker",
    "pk": 46
  },
  {
    "fields": {
      "description": "desc1",
      "modification_date": "2015-08-25T19:16:25.158Z",
      "author": 2,
      "sequence": 2,
      "creation_date": "2015-08-25T19:16:25.158Z",
      "caption": "stick1",
      "board": 10,
      "sprint": null,
      "label": 4
    },
    "model": "boards.sticker",
    "pk": 47
  },
  {
    "fields": {
      "description": "desc2",
      "modification_date": "2015-08-25T19:16:25.163Z",
      "author": 2,
      "sequence": 3,
      "creation_date": "2015-08-25T19:16:25.163Z",
      "caption": "stick2",
      "board": 10,
      "sprint": null,
      "label": 4
    },
    "model": "boards.sticker",
    "pk": 48
  },
  {
    "fields": {
      "description": "desc3",
      "modification_date": "2015-08-25T19:16:25.169Z",
      "author": 2,
      "sequence": 4,
      "creation_date": "2015-08-25T19:16:25.169Z",
      "caption": "stick3",
      "board": 10,
      "sprint": null,
      "label": 3
    },
    "model": "boards.sticker",
    "pk": 49
  },
  {
    "fields": {
      "description": "desc4",
      "modification_date": "2015-08-25T19:16:25.175Z",
      "author": 2,
      "sequence": 5,
      "creation_date": "2015-08-25T19:16:25.175Z",
      "caption": "stick4",
      "board": 10,
      "sprint": null,
      "label": 3
    },
    "model": "boards.sticker",
    "pk": 50
  },
  {
    "fields": {
      "description": "Nauka czasu PS",
      "modification_date": "2015-08-26T19:15:49.637Z",
      "author": 12,
      "sequence": 1,
      "creation_date": "2015-08-26T19:14:40.084Z",
      "caption": "Prest Simple",
      "board": 11,
      "sprint": 1,
      "label": 1
    },
    "model": "boards.sticker",
    "pk": 51
  },
  {
    "fields": {
      "description": "asd",
      "modification_date": "2015-08-26T20:04:49.111Z",
      "author": 1,
      "sequence": 6,
      "creation_date": "2015-08-26T20:04:49.111Z",
      "caption": "new",
      "board": 2,
      "sprint": null,
      "label": 1
    },
    "model": "boards.sticker",
    "pk": 52
  },
  {
    "fields": {
      "description": "urtyu",
      "modification_date": "2015-08-26T20:15:16.802Z",
      "author": 1,
      "sequence": 6,
      "creation_date": "2015-08-26T20:15:16.802Z",
      "caption": "rteyruy",
      "board": 7,
      "sprint": null,
      "label": 1
    },
    "model": "boards.sticker",
    "pk": 53
  },
  {
    "fields": {
      "description": "Odmiana czasownika by",
      "modification_date": "2015-09-26T07:31:05.318Z",
      "author": 1,
      "sequence": 7,
      "creation_date": "2015-09-26T07:29:20.794Z",
      "caption": "TO BE",
      "board": 2,
      "sprint": 3,
      "label": 1
    },
    "model": "boards.sticker",
    "pk": 54
  },
  {
    "fields": {
      "description": "heheve",
      "modification_date": "2015-09-26T07:34:00.785Z",
      "author": 1,
      "sequence": 8,
      "creation_date": "2015-09-26T07:31:34.206Z",
      "caption": "have",
      "board": 2,
      "sprint": 3,
      "label": 4
    },
    "model": "boards.sticker",
    "pk": 55
  },
  {
    "fields": {
      "codename": "add_logentry",
      "name": "Can add log entry",
      "content_type": 1
    },
    "model": "auth.permission",
    "pk": 1
  },
  {
    "fields": {
      "codename": "change_logentry",
      "name": "Can change log entry",
      "content_type": 1
    },
    "model": "auth.permission",
    "pk": 2
  },
  {
    "fields": {
      "codename": "delete_logentry",
      "name": "Can delete log entry",
      "content_type": 1
    },
    "model": "auth.permission",
    "pk": 3
  },
  {
    "fields": {
      "codename": "add_permission",
      "name": "Can add permission",
      "content_type": 2
    },
    "model": "auth.permission",
    "pk": 4
  },
  {
    "fields": {
      "codename": "change_permission",
      "name": "Can change permission",
      "content_type": 2
    },
    "model": "auth.permission",
    "pk": 5
  },
  {
    "fields": {
      "codename": "delete_permission",
      "name": "Can delete permission",
      "content_type": 2
    },
    "model": "auth.permission",
    "pk": 6
  },
  {
    "fields": {
      "codename": "add_group",
      "name": "Can add group",
      "content_type": 3
    },
    "model": "auth.permission",
    "pk": 7
  },
  {
    "fields": {
      "codename": "change_group",
      "name": "Can change group",
      "content_type": 3
    },
    "model": "auth.permission",
    "pk": 8
  },
  {
    "fields": {
      "codename": "delete_group",
      "name": "Can delete group",
      "content_type": 3
    },
    "model": "auth.permission",
    "pk": 9
  },
  {
    "fields": {
      "codename": "add_user",
      "name": "Can add user",
      "content_type": 4
    },
    "model": "auth.permission",
    "pk": 10
  },
  {
    "fields": {
      "codename": "change_user",
      "name": "Can change user",
      "content_type": 4
    },
    "model": "auth.permission",
    "pk": 11
  },
  {
    "fields": {
      "codename": "delete_user",
      "name": "Can delete user",
      "content_type": 4
    },
    "model": "auth.permission",
    "pk": 12
  },
  {
    "fields": {
      "codename": "add_contenttype",
      "name": "Can add content type",
      "content_type": 5
    },
    "model": "auth.permission",
    "pk": 13
  },
  {
    "fields": {
      "codename": "change_contenttype",
      "name": "Can change content type",
      "content_type": 5
    },
    "model": "auth.permission",
    "pk": 14
  },
  {
    "fields": {
      "codename": "delete_contenttype",
      "name": "Can delete content type",
      "content_type": 5
    },
    "model": "auth.permission",
    "pk": 15
  },
  {
    "fields": {
      "codename": "add_session",
      "name": "Can add session",
      "content_type": 6
    },
    "model": "auth.permission",
    "pk": 16
  },
  {
    "fields": {
      "codename": "change_session",
      "name": "Can change session",
      "content_type": 6
    },
    "model": "auth.permission",
    "pk": 17
  },
  {
    "fields": {
      "codename": "delete_session",
      "name": "Can delete session",
      "content_type": 6
    },
    "model": "auth.permission",
    "pk": 18
  },
  {
    "fields": {
      "codename": "add_comment",
      "name": "Can add comment",
      "content_type": 7
    },
    "model": "auth.permission",
    "pk": 19
  },
  {
    "fields": {
      "codename": "change_comment",
      "name": "Can change comment",
      "content_type": 7
    },
    "model": "auth.permission",
    "pk": 20
  },
  {
    "fields": {
      "codename": "delete_comment",
      "name": "Can delete comment",
      "content_type": 7
    },
    "model": "auth.permission",
    "pk": 21
  },
  {
    "fields": {
      "codename": "add_label",
      "name": "Can add label",
      "content_type": 8
    },
    "model": "auth.permission",
    "pk": 22
  },
  {
    "fields": {
      "codename": "change_label",
      "name": "Can change label",
      "content_type": 8
    },
    "model": "auth.permission",
    "pk": 23
  },
  {
    "fields": {
      "codename": "delete_label",
      "name": "Can delete label",
      "content_type": 8
    },
    "model": "auth.permission",
    "pk": 24
  },
  {
    "fields": {
      "codename": "add_desk",
      "name": "Can add desk",
      "content_type": 9
    },
    "model": "auth.permission",
    "pk": 25
  },
  {
    "fields": {
      "codename": "change_desk",
      "name": "Can change desk",
      "content_type": 9
    },
    "model": "auth.permission",
    "pk": 26
  },
  {
    "fields": {
      "codename": "delete_desk",
      "name": "Can delete desk",
      "content_type": 9
    },
    "model": "auth.permission",
    "pk": 27
  },
  {
    "fields": {
      "codename": "add_board",
      "name": "Can add board",
      "content_type": 10
    },
    "model": "auth.permission",
    "pk": 28
  },
  {
    "fields": {
      "codename": "change_board",
      "name": "Can change board",
      "content_type": 10
    },
    "model": "auth.permission",
    "pk": 29
  },
  {
    "fields": {
      "codename": "delete_board",
      "name": "Can delete board",
      "content_type": 10
    },
    "model": "auth.permission",
    "pk": 30
  },
  {
    "fields": {
      "codename": "add_sprint",
      "name": "Can add sprint",
      "content_type": 11
    },
    "model": "auth.permission",
    "pk": 31
  },
  {
    "fields": {
      "codename": "change_sprint",
      "name": "Can change sprint",
      "content_type": 11
    },
    "model": "auth.permission",
    "pk": 32
  },
  {
    "fields": {
      "codename": "delete_sprint",
      "name": "Can delete sprint",
      "content_type": 11
    },
    "model": "auth.permission",
    "pk": 33
  },
  {
    "fields": {
      "codename": "add_sticker",
      "name": "Can add sticker",
      "content_type": 12
    },
    "model": "auth.permission",
    "pk": 34
  },
  {
    "fields": {
      "codename": "change_sticker",
      "name": "Can change sticker",
      "content_type": 12
    },
    "model": "auth.permission",
    "pk": 35
  },
  {
    "fields": {
      "codename": "delete_sticker",
      "name": "Can delete sticker",
      "content_type": 12
    },
    "model": "auth.permission",
    "pk": 36
  },
  {
    "fields": {
      "codename": "add_profile",
      "name": "Can add profile",
      "content_type": 13
    },
    "model": "auth.permission",
    "pk": 37
  },
  {
    "fields": {
      "codename": "change_profile",
      "name": "Can change profile",
      "content_type": 13
    },
    "model": "auth.permission",
    "pk": 38
  },
  {
    "fields": {
      "codename": "delete_profile",
      "name": "Can delete profile",
      "content_type": 13
    },
    "model": "auth.permission",
    "pk": 39
  },
  {
    "fields": {
      "codename": "add_activitytype",
      "name": "Can add activity type",
      "content_type": 14
    },
    "model": "auth.permission",
    "pk": 40
  },
  {
    "fields": {
      "codename": "change_activitytype",
      "name": "Can change activity type",
      "content_type": 14
    },
    "model": "auth.permission",
    "pk": 41
  },
  {
    "fields": {
      "codename": "delete_activitytype",
      "name": "Can delete activity type",
      "content_type": 14
    },
    "model": "auth.permission",
    "pk": 42
  },
  {
    "fields": {
      "codename": "add_activities",
      "name": "Can add activities",
      "content_type": 15
    },
    "model": "auth.permission",
    "pk": 43
  },
  {
    "fields": {
      "codename": "change_activities",
      "name": "Can change activities",
      "content_type": 15
    },
    "model": "auth.permission",
    "pk": 44
  },
  {
    "fields": {
      "codename": "delete_activities",
      "name": "Can delete activities",
      "content_type": 15
    },
    "model": "auth.permission",
    "pk": 45
  },
  {
    "fields": {
      "username": "root",
      "first_name": "",
      "last_name": "",
      "is_active": true,
      "is_superuser": true,
      "is_staff": true,
      "last_login": null,
      "groups": [],
      "user_permissions": [],
      "password": "pbkdf2_sha256$20000$zVsxR3rT0kNT$39ohvUyqZuFPizMI40vn9MNHhog2P1aq9MVhZVSh/a8=",
      "email": "",
      "date_joined": "2015-08-25T19:16:14.960Z"
    },
    "model": "auth.user",
    "pk": 1
  },
  {
    "fields": {
      "username": "u1",
      "first_name": "",
      "last_name": "",
      "is_active": true,
      "is_superuser": true,
      "is_staff": true,
      "last_login": "2015-09-26T07:52:59.504Z",
      "groups": [],
      "user_permissions": [],
      "password": "pbkdf2_sha256$20000$MawtSj7DtVvw$GE7tjZqqC/NT6CqXpBxuVyEQHg6SU6vG7389P4d3ld4=",
      "email": "u1@test.com",
      "date_joined": "2015-08-25T19:16:24Z"
    },
    "model": "auth.user",
    "pk": 2
  },
  {
    "fields": {
      "username": "u2",
      "first_name": "",
      "last_name": "",
      "is_active": true,
      "is_superuser": true,
      "is_staff": true,
      "last_login": "2015-09-12T14:43:16.093Z",
      "groups": [],
      "user_permissions": [],
      "password": "pbkdf2_sha256$20000$zfxyFgf9mmcV$cKbUmZX1tXc9QTb65RQ06Hxsa0SUdwKmoKxLQspvXOk=",
      "email": "u2@test.com",
      "date_joined": "2015-08-25T19:16:24.847Z"
    },
    "model": "auth.user",
    "pk": 3
  },
  {
    "fields": {
      "username": "ala",
      "first_name": "",
      "last_name": "",
      "is_active": true,
      "is_superuser": false,
      "is_staff": false,
      "last_login": null,
      "groups": [],
      "user_permissions": [],
      "password": "pbkdf2_sha256$20000$TyA6s3pV4Pyb$4gghxCrWDd7B8KfE1waA6UZcXbZgOojUIwV3SP9qNwU=",
      "email": "ala@ala.com",
      "date_joined": "2015-08-25T22:14:06.823Z"
    },
    "model": "auth.user",
    "pk": 4
  },
  {
    "fields": {
      "username": "ala2",
      "first_name": "",
      "last_name": "",
      "is_active": true,
      "is_superuser": false,
      "is_staff": false,
      "last_login": null,
      "groups": [],
      "user_permissions": [],
      "password": "pbkdf2_sha256$20000$LJmFe0yTJUBu$he2J8jdJvSQxkDxxXrDxBfO5a5Pg3ADdQnyRg8+HrXE=",
      "email": "ala@ala.com",
      "date_joined": "2015-08-25T22:14:31.672Z"
    },
    "model": "auth.user",
    "pk": 5
  },
  {
    "fields": {
      "username": "qwe",
      "first_name": "",
      "last_name": "",
      "is_active": true,
      "is_superuser": false,
      "is_staff": false,
      "last_login": null,
      "groups": [],
      "user_permissions": [],
      "password": "pbkdf2_sha256$20000$Mtujhaf2Zdcl$tE4UsdYLKC3O9cnBzRcVSGNGb3VkWUGj3F1JqYErv40=",
      "email": "qwe@qwe.com",
      "date_joined": "2015-08-25T22:16:10.650Z"
    },
    "model": "auth.user",
    "pk": 6
  },
  {
    "fields": {
      "username": "1",
      "first_name": "",
      "last_name": "",
      "is_active": true,
      "is_superuser": false,
      "is_staff": false,
      "last_login": null,
      "groups": [],
      "user_permissions": [],
      "password": "pbkdf2_sha256$20000$x9pN1nV1f6Hf$1U4Tx9R1PltTV0mhUxAtpY30/p6sycvnzegMl96KG1Q=",
      "email": "qwe@qwe.com",
      "date_joined": "2015-08-26T18:14:23.261Z"
    },
    "model": "auth.user",
    "pk": 7
  },
  {
    "fields": {
      "username": "2",
      "first_name": "",
      "last_name": "",
      "is_active": true,
      "is_superuser": false,
      "is_staff": false,
      "last_login": null,
      "groups": [],
      "user_permissions": [],
      "password": "pbkdf2_sha256$20000$du9yXdFanbJS$GeG8ju13cGkp/KSwvqQcYFTWjGGzX7s3xcnKn+pHTks=",
      "email": "qwe@qwe.com",
      "date_joined": "2015-08-26T18:14:59.177Z"
    },
    "model": "auth.user",
    "pk": 8
  },
  {
    "fields": {
      "username": "3",
      "first_name": "",
      "last_name": "",
      "is_active": true,
      "is_superuser": false,
      "is_staff": false,
      "last_login": null,
      "groups": [],
      "user_permissions": [],
      "password": "pbkdf2_sha256$20000$NunJLaUhuClQ$0KTWjK9QhYaBOPAedTequ12k1XLnFMvtS2MpEaH9FhQ=",
      "email": "qwe@qwe.com",
      "date_joined": "2015-08-26T18:30:02.106Z"
    },
    "model": "auth.user",
    "pk": 9
  },
  {
    "fields": {
      "username": "4",
      "first_name": "",
      "last_name": "",
      "is_active": true,
      "is_superuser": false,
      "is_staff": false,
      "last_login": null,
      "groups": [],
      "user_permissions": [],
      "password": "pbkdf2_sha256$20000$ilMr8pI1W3Ta$MBBhZt0ksQZAR0/lNcwdY/eIgqcZIUqQzEXsv9LgKW8=",
      "email": "qwe@qwe.com",
      "date_joined": "2015-08-26T18:33:30.966Z"
    },
    "model": "auth.user",
    "pk": 10
  },
  {
    "fields": {
      "username": "5",
      "first_name": "",
      "last_name": "",
      "is_active": true,
      "is_superuser": false,
      "is_staff": false,
      "last_login": null,
      "groups": [],
      "user_permissions": [],
      "password": "pbkdf2_sha256$20000$HzolJixtvBUf$BI6HEGlflQFgV4GVItik1lOx+bm9Sb5xvyJaPbehmqQ=",
      "email": "qwe@qwe.com",
      "date_joined": "2015-08-26T18:34:52.993Z"
    },
    "model": "auth.user",
    "pk": 11
  },
  {
    "fields": {
      "username": "6",
      "first_name": "",
      "last_name": "",
      "is_active": true,
      "is_superuser": false,
      "is_staff": false,
      "last_login": null,
      "groups": [],
      "user_permissions": [],
      "password": "pbkdf2_sha256$20000$ZI1jKPnLFznX$WhJxnB6R28TsOlk0fhjPaOLAMXlbi1P3coeAZSGhwH8=",
      "email": "qwe@qwe.com",
      "date_joined": "2015-08-26T18:35:08.735Z"
    },
    "model": "auth.user",
    "pk": 12
  },
  {
    "fields": {
      "username": "7",
      "first_name": "",
      "last_name": "",
      "is_active": true,
      "is_superuser": false,
      "is_staff": false,
      "last_login": null,
      "groups": [],
      "user_permissions": [],
      "password": "pbkdf2_sha256$20000$bfi2BwDXGslg$wuqpGOwHA5R3XRyD5D+MZZo/Nx13NGrMF+dQM/unw7k=",
      "email": "qwe@qwe.com",
      "date_joined": "2015-08-26T18:42:48.300Z"
    },
    "model": "auth.user",
    "pk": 13
  },
  {
    "fields": {
      "username": "8",
      "first_name": "",
      "last_name": "",
      "is_active": true,
      "is_superuser": false,
      "is_staff": false,
      "last_login": "2015-08-26T18:46:30.940Z",
      "groups": [],
      "user_permissions": [],
      "password": "pbkdf2_sha256$20000$8vqdcDT4FAF5$Ju50JbCfqbNQkymWF0mHHUYUmUJyb6GG6NVPP+mhOTU=",
      "email": "qwe@qwe.com",
      "date_joined": "2015-08-26T18:46:12.303Z"
    },
    "model": "auth.user",
    "pk": 14
  },
  {
    "fields": {
      "username": "nowy",
      "first_name": "",
      "last_name": "",
      "is_active": true,
      "is_superuser": false,
      "is_staff": false,
      "last_login": "2015-08-26T19:13:03.099Z",
      "groups": [],
      "user_permissions": [],
      "password": "pbkdf2_sha256$20000$CDrWwsoBOee9$L8vv8gqTr4PDYGqwwhQ8VJ3gmq6pMp9vb3C3NmsARLI=",
      "email": "nowy@nowy.com",
      "date_joined": "2015-08-26T19:12:56.324Z"
    },
    "model": "auth.user",
    "pk": 15
  },
  {
    "fields": {
      "friends": [
        3
      ],
      "user": 2,
      "display_name": "Tytanowy Janusz",
      "avatar": "",
      "motivation_quote": "Yolo and trolo lo."
    },
    "model": "profiles.profile",
    "pk": 1
  },
  {
    "fields": {
      "friends": [],
      "user": 3,
      "display_name": "u2",
      "avatar": "",
      "motivation_quote": ""
    },
    "model": "profiles.profile",
    "pk": 2
  },
  {
    "fields": {
      "friends": [
        1
      ],
      "user": 6,
      "display_name": "qwe",
      "avatar": "avatars/glasses-304499_1280.png",
      "motivation_quote": "qwe"
    },
    "model": "profiles.profile",
    "pk": 3
  },
  {
    "fields": {
      "friends": [],
      "user": 7,
      "display_name": "qwe",
      "avatar": "avatars/glasses-304499_1280_fIC4tgK.png",
      "motivation_quote": "qwe"
    },
    "model": "profiles.profile",
    "pk": 4
  },
  {
    "fields": {
      "friends": [],
      "user": 8,
      "display_name": "qwe",
      "avatar": "avatars/glasses-304499_1280_yphAamw.png",
      "motivation_quote": "qwe"
    },
    "model": "profiles.profile",
    "pk": 5
  },
  {
    "fields": {
      "friends": [],
      "user": 9,
      "display_name": "qwe",
      "avatar": "avatars/glasses-304499_1280_qaKVDYG.png",
      "motivation_quote": "qwe"
    },
    "model": "profiles.profile",
    "pk": 6
  },
  {
    "fields": {
      "friends": [],
      "user": 10,
      "display_name": "qwe",
      "avatar": "avatars/glasses-304499_1280_GaTy84X.png",
      "motivation_quote": "qwe"
    },
    "model": "profiles.profile",
    "pk": 7
  },
  {
    "fields": {
      "friends": [],
      "user": 11,
      "display_name": "qwe",
      "avatar": "avatars/glasses-304499_1280_ig5ehlX.png",
      "motivation_quote": "qwe"
    },
    "model": "profiles.profile",
    "pk": 8
  },
  {
    "fields": {
      "friends": [],
      "user": 12,
      "display_name": "qwe",
      "avatar": "avatars/glasses-304499_1280_kGaJeux.png",
      "motivation_quote": "qwe"
    },
    "model": "profiles.profile",
    "pk": 9
  },
  {
    "fields": {
      "friends": [],
      "user": 13,
      "display_name": "qwe",
      "avatar": "avatars/glasses-304499_1280_gF3JbLH.png",
      "motivation_quote": "qwe"
    },
    "model": "profiles.profile",
    "pk": 10
  },
  {
    "fields": {
      "friends": [],
      "user": 14,
      "display_name": "qwe",
      "avatar": "avatars/glasses-304499_1280_TXEwieQ.png",
      "motivation_quote": "qwe"
    },
    "model": "profiles.profile",
    "pk": 11
  },
  {
    "fields": {
      "friends": [],
      "user": 15,
      "display_name": "nowy",
      "avatar": "avatars/superpromocja.png",
      "motivation_quote": "ala ma kota"
    },
    "model": "profiles.profile",
    "pk": 12
  },
  {
    "fields": {
      "action_flag": 2,
      "action_time": "2015-08-26T19:43:51.801Z",
      "object_repr": "u1",
      "object_id": "2",
      "change_message": "Changed friends for profile \"Tytanowy Janusz\".",
      "user": 2,
      "content_type": 4
    },
    "model": "admin.logentry",
    "pk": 1
  }
]